[{"model": "auth.permission", "pk": 1, "fields": {"name": "Can add log entry", "content_type": 1, "codename": "add_logentry"}}, {"model": "auth.permission", "pk": 2, "fields": {"name": "Can change log entry", "content_type": 1, "codename": "change_logentry"}}, {"model": "auth.permission", "pk": 3, "fields": {"name": "Can delete log entry", "content_type": 1, "codename": "delete_logentry"}}, {"model": "auth.permission", "pk": 4, "fields": {"name": "Can view log entry", "content_type": 1, "codename": "view_logentry"}}, {"model": "auth.permission", "pk": 5, "fields": {"name": "Can add permission", "content_type": 2, "codename": "add_permission"}}, {"model": "auth.permission", "pk": 6, "fields": {"name": "Can change permission", "content_type": 2, "codename": "change_permission"}}, {"model": "auth.permission", "pk": 7, "fields": {"name": "Can delete permission", "content_type": 2, "codename": "delete_permission"}}, {"model": "auth.permission", "pk": 8, "fields": {"name": "Can view permission", "content_type": 2, "codename": "view_permission"}}, {"model": "auth.permission", "pk": 9, "fields": {"name": "Can add group", "content_type": 3, "codename": "add_group"}}, {"model": "auth.permission", "pk": 10, "fields": {"name": "Can change group", "content_type": 3, "codename": "change_group"}}, {"model": "auth.permission", "pk": 11, "fields": {"name": "Can delete group", "content_type": 3, "codename": "delete_group"}}, {"model": "auth.permission", "pk": 12, "fields": {"name": "Can view group", "content_type": 3, "codename": "view_group"}}, {"model": "auth.permission", "pk": 13, "fields": {"name": "Can add user", "content_type": 4, "codename": "add_user"}}, {"model": "auth.permission", "pk": 14, "fields": {"name": "Can change user", "content_type": 4, "codename": "change_user"}}, {"model": "auth.permission", "pk": 15, "fields": {"name": "Can delete user", "content_type": 4, "codename": "delete_user"}}, {"model": "auth.permission", "pk": 16, "fields": {"name": "Can view user", "content_type": 4, "codename": "view_user"}}, {"model": "auth.permission", "pk": 17, "fields": {"name": "Can add content type", "content_type": 5, "codename": "add_contenttype"}}, {"model": "auth.permission", "pk": 18, "fields": {"name": "Can change content type", "content_type": 5, "codename": "change_contenttype"}}, {"model": "auth.permission", "pk": 19, "fields": {"name": "Can delete content type", "content_type": 5, "codename": "delete_contenttype"}}, {"model": "auth.permission", "pk": 20, "fields": {"name": "Can view content type", "content_type": 5, "codename": "view_contenttype"}}, {"model": "auth.permission", "pk": 21, "fields": {"name": "Can add session", "content_type": 6, "codename": "add_session"}}, {"model": "auth.permission", "pk": 22, "fields": {"name": "Can change session", "content_type": 6, "codename": "change_session"}}, {"model": "auth.permission", "pk": 23, "fields": {"name": "Can delete session", "content_type": 6, "codename": "delete_session"}}, {"model": "auth.permission", "pk": 24, "fields": {"name": "Can view session", "content_type": 6, "codename": "view_session"}}, {"model": "auth.permission", "pk": 25, "fields": {"name": "Can add doctor", "content_type": 7, "codename": "add_doctor"}}, {"model": "auth.permission", "pk": 26, "fields": {"name": "Can change doctor", "content_type": 7, "codename": "change_doctor"}}, {"model": "auth.permission", "pk": 27, "fields": {"name": "Can delete doctor", "content_type": 7, "codename": "delete_doctor"}}, {"model": "auth.permission", "pk": 28, "fields": {"name": "Can view doctor", "content_type": 7, "codename": "view_doctor"}}, {"model": "auth.permission", "pk": 29, "fields": {"name": "Can add hospital section", "content_type": 8, "codename": "add_hospitalsection"}}, {"model": "auth.permission", "pk": 30, "fields": {"name": "Can change hospital section", "content_type": 8, "codename": "change_hospitalsection"}}, {"model": "auth.permission", "pk": 31, "fields": {"name": "Can delete hospital section", "content_type": 8, "codename": "delete_hospitalsection"}}, {"model": "auth.permission", "pk": 32, "fields": {"name": "Can view hospital section", "content_type": 8, "codename": "view_hospitalsection"}}, {"model": "auth.permission", "pk": 33, "fields": {"name": "Can add hospital", "content_type": 9, "codename": "add_hospital"}}, {"model": "auth.permission", "pk": 34, "fields": {"name": "Can change hospital", "content_type": 9, "codename": "change_hospital"}}, {"model": "auth.permission", "pk": 35, "fields": {"name": "Can delete hospital", "content_type": 9, "codename": "delete_hospital"}}, {"model": "auth.permission", "pk": 36, "fields": {"name": "Can view hospital", "content_type": 9, "codename": "view_hospital"}}, {"model": "auth.permission", "pk": 37, "fields": {"name": "Can add reservation", "content_type": 10, "codename": "add_reservation"}}, {"model": "auth.permission", "pk": 38, "fields": {"name": "Can change reservation", "content_type": 10, "codename": "change_reservation"}}, {"model": "auth.permission", "pk": 39, "fields": {"name": "Can delete reservation", "content_type": 10, "codename": "delete_reservation"}}, {"model": "auth.permission", "pk": 40, "fields": {"name": "Can view reservation", "content_type": 10, "codename": "view_reservation"}}, {"model": "auth.permission", "pk": 41, "fields": {"name": "Can add Patient", "content_type": 11, "codename": "add_patient"}}, {"model": "auth.permission", "pk": 42, "fields": {"name": "Can change Patient", "content_type": 11, "codename": "change_patient"}}, {"model": "auth.permission", "pk": 43, "fields": {"name": "Can delete Patient", "content_type": 11, "codename": "delete_patient"}}, {"model": "auth.permission", "pk": 44, "fields": {"name": "Can view Patient", "content_type": 11, "codename": "view_patient"}}, {"model": "auth.permission", "pk": 45, "fields": {"name": "Can add consultation", "content_type": 12, "codename": "add_consultation"}}, {"model": "auth.permission", "pk": 46, "fields": {"name": "Can change consultation", "content_type": 12, "codename": "change_consultation"}}, {"model": "auth.permission", "pk": 47, "fields": {"name": "Can delete consultation", "content_type": 12, "codename": "delete_consultation"}}, {"model": "auth.permission", "pk": 48, "fields": {"name": "Can view consultation", "content_type": 12, "codename": "view_consultation"}}, {"model": "auth.user", "pk": 1, "fields": {"password": "pbkdf2_sha256$600000$aOBKtjWFDQGw4rgGDtQ5G5$aHaY5/tPZ3aOR/qGC56/qQ8Gvxexrc3CZgQQETi2sjw=", "last_login": "2023-05-24T15:06:20.337Z", "is_superuser": true, "username": "admin", "first_name": "", "last_name": "", "email": "", "is_staff": true, "is_active": true, "date_joined": "2023-05-18T01:36:36.661Z", "groups": [], "user_permissions": []}}, {"model": "auth.user", "pk": 2, "fields": {"password": "pbkdf2_sha256$600000$eh7Cmj46czfNd05wcUrttD$+WLXYdGIlXXvkC7BW3/utkmKXsbO/wUTqy41fpKyk1s=", "last_login": "2023-05-23T00:37:51.071Z", "is_superuser": true, "username": "patient@hospital.com", "first_name": "patient", "last_name": "", "email": "patient@hospital.com", "is_staff": true, "is_active": true, "date_joined": "2023-05-18T02:46:19Z", "groups": [], "user_permissions": []}}, {"model": "auth.user", "pk": 3, "fields": {"password": "pbkdf2_sha256$600000$yCCWBTv0fj8p4DNwwN4IDN$I+L8WVF6lpmh1ncsIwXgKrXS1eCzcOGXm8Jl98YPt6E=", "last_login": null, "is_superuser": false, "username": "mohamed.karam.ahmed2019@gmail.com", "first_name": "mohamed", "last_name": "", "email": "mohamed.karam.ahmed2019@gmail.com", "is_staff": false, "is_active": true, "date_joined": "2023-05-22T23:08:48.939Z", "groups": [], "user_permissions": []}}, {"model": "auth.user", "pk": 4, "fields": {"password": "pbkdf2_sha256$600000$7XSCuygFANUQdWLes4gx6d$FXeATiylJcb9pENhEgXbL5w4TD2TmNIibMPD0LfrFYQ=", "last_login": null, "is_superuser": false, "username": "mohamed.karam.ahmed2018@gmail.com", "first_name": "mohamed karam", "last_name": "", "email": "mohamed.karam.ahmed2018@gmail.com", "is_staff": false, "is_active": true, "date_joined": "2023-05-22T23:09:54.755Z", "groups": [], "user_permissions": []}}, {"model": "auth.user", "pk": 5, "fields": {"password": "pbkdf2_sha256$600000$uFmZGk1xHBVnHAWujTpD8s$R20Qvxu2B9hD0qqdF2K6X70s+FZOKbxPndVWLx8qFCc=", "last_login": null, "is_superuser": false, "username": "doctor@hospital.com", "first_name": "", "last_name": "", "email": "doctor@hospital.com", "is_staff": false, "is_active": true, "date_joined": "2023-05-23T00:34:14.202Z", "groups": [], "user_permissions": []}}, {"model": "auth.user", "pk": 6, "fields": {"password": "pbkdf2_sha256$600000$jNiwfDDm0NrogCaLomqq9p$t4WHrsISfcLkTLdwu4g0qcvz2LoYB/ni2NRFThUATD8=", "last_login": null, "is_superuser": false, "username": "mo7amedtech2018@gmail.com", "first_name": "tamer", "last_name": "", "email": "mo7amedtech2018@gmail.com", "is_staff": false, "is_active": true, "date_joined": "2023-05-23T01:20:37.880Z", "groups": [], "user_permissions": []}}, {"model": "auth.user", "pk": 7, "fields": {"password": "pbkdf2_sha256$600000$mXFl30UX9SVJSaSbpYp3xJ$sQsCstPsfNUhpR0xW3HvhFftT2Mqc1f9uOTuhQPLQL0=", "last_login": null, "is_superuser": false, "username": "mo7amedtech2098@gmail.com", "first_name": "tamer", "last_name": "", "email": "mo7amedtech2098@gmail.com", "is_staff": false, "is_active": true, "date_joined": "2023-05-23T01:27:16.732Z", "groups": [], "user_permissions": []}}, {"model": "auth.user", "pk": 8, "fields": {"password": "pbkdf2_sha256$600000$MK3GltQXYjDkyEcUogi7OB$Bq4heqUolBwYkYgITjvGNB+kVgwwlbf7gM0gvjqSEdU=", "last_login": null, "is_superuser": false, "username": "medicicneway@gmail.com", "first_name": "ahmedkaram", "last_name": "", "email": "medicicneway@gmail.com", "is_staff": false, "is_active": true, "date_joined": "2023-05-23T01:58:17.051Z", "groups": [], "user_permissions": []}}, {"model": "auth.user", "pk": 9, "fields": {"password": "pbkdf2_sha256$600000$0ul5O6AkI1N6ThwV32xESB$j8JmwFA55hGdl06qocEPVpm5llmsAT46vQOJoxDC3XE=", "last_login": null, "is_superuser": false, "username": "mo7amedtech20179@gmail.com", "first_name": "mohamed said", "last_name": "", "email": "mo7amedtech20179@gmail.com", "is_staff": false, "is_active": true, "date_joined": "2023-05-23T02:12:06.727Z", "groups": [], "user_permissions": []}}, {"model": "auth.user", "pk": 10, "fields": {"password": "pbkdf2_sha256$600000$ngVos2Tz7G0uzRUX1MW02m$FIfigMtTW7Rohs1JuJrDCbkBXMtxD6/mXt0/ueHTH4s=", "last_login": null, "is_superuser": false, "username": "yousrfmohia11@gmail.com", "first_name": "Yousef mohi", "last_name": "", "email": "yousrfmohia11@gmail.com", "is_staff": false, "is_active": true, "date_joined": "2023-05-23T02:30:24.481Z", "groups": [], "user_permissions": []}}, {"model": "auth.user", "pk": 11, "fields": {"password": "pbkdf2_sha256$600000$2VSzvAhNfY0AIfeBHFgPkZ$kG46WSn+EDuOhAb94E2yqecS9pEWxdkVOVZMNM8289c=", "last_login": null, "is_superuser": false, "username": "reemelatiqi@gmail.com", "first_name": "ريم متولي", "last_name": "", "email": "reemelatiqi@gmail.com", "is_staff": false, "is_active": true, "date_joined": "2023-05-23T10:16:52.438Z", "groups": [], "user_permissions": []}}, {"model": "main.hospital", "pk": 1, "fields": {"name": "مستشفي عين شمس التخصصي"}}, {"model": "main.hospital", "pk": 2, "fields": {"name": "مستشفي الأمومة"}}, {"model": "main.hospitalsection", "pk": 1, "fields": {"hospital": 2, "name": "emergency_doctors", "appwrite_id": "642625c204e5883cd666"}}, {"model": "main.hospitalsection", "pk": 2, "fields": {"hospital": 2, "name": "emergency_doctors", "appwrite_id": "642625c204e5883cd666"}}, {"model": "main.hospitalsection", "pk": 3, "fields": {"hospital": 1, "name": "عيادة النفسية", "appwrite_id": "644bed7de0e45a957b56"}}, {"model": "main.hospitalsection", "pk": 4, "fields": {"hospital": 1, "name": "عيادة أمراض الدم", "appwrite_id": "644d0056d2775447d99c"}}, {"model": "main.hospitalsection", "pk": 5, "fields": {"hospital": 1, "name": "عيادة طب طبيعي وروماتيزم", "appwrite_id": "644d02368c16722e2afd"}}, {"model": "main.hospitalsection", "pk": 6, "fields": {"hospital": 1, "name": "عيادة المسالك", "appwrite_id": "644d041e4053c993e1ef"}}, {"model": "main.hospitalsection", "pk": 7, "fields": {"hospital": 1, "name": "جراحة مخ وأعصاب", "appwrite_id": "644d12af75f42755f373"}}, {"model": "main.hospitalsection", "pk": 8, "fields": {"hospital": 1, "name": "عيادة المناظير", "appwrite_id": "644d160e8e118a8c74dd"}}, {"model": "main.hospitalsection", "pk": 9, "fields": {"hospital": 1, "name": "عيادة الوراثة", "appwrite_id": "644d6b6ca0161cd69813"}}, {"model": "main.hospitalsection", "pk": 10, "fields": {"hospital": 1, "name": "عيادة التخدير", "appwrite_id": "644d6dc033e6743de04f"}}, {"model": "main.hospitalsection", "pk": 11, "fields": {"hospital": 1, "name": "عيادة الروماتيزم ", "appwrite_id": "644d7050ce52c196e9de"}}, {"model": "main.hospitalsection", "pk": 12, "fields": {"hospital": 1, "name": "عيادة الطب الطبيعي", "appwrite_id": "644d740e5b3189588796"}}, {"model": "main.hospitalsection", "pk": 13, "fields": {"hospital": 1, "name": "عيادة الجراحة العامة", "appwrite_id": "644d76a9900f1a10731a"}}, {"model": "main.hospitalsection", "pk": 14, "fields": {"hospital": 1, "name": "عيادة التجميل", "appwrite_id": "644d7bdf311d4c8b5d28"}}, {"model": "main.hospitalsection", "pk": 15, "fields": {"hospital": 1, "name": "عيادة العظام", "appwrite_id": "644e019b07d401c8838d"}}, {"model": "main.hospitalsection", "pk": 16, "fields": {"hospital": 1, "name": "عيادة الألم", "appwrite_id": "644e0fe0baa08b9968b1"}}, {"model": "main.hospitalsection", "pk": 17, "fields": {"hospital": 1, "name": "عيادة التخاطب", "appwrite_id": "644e12261c2019f141ae"}}, {"model": "main.hospitalsection", "pk": 18, "fields": {"hospital": 1, "name": "عيادة الأطفال", "appwrite_id": "644e15c5f162bc6a5327"}}, {"model": "main.hospitalsection", "pk": 19, "fields": {"hospital": 1, "name": "عيادة أعصاب باطنة", "appwrite_id": "644e18829e08fb15987b"}}, {"model": "main.hospitalsection", "pk": 20, "fields": {"hospital": 1, "name": "عيادة النسا", "appwrite_id": "644e1af5a3a69e4d23f0"}}, {"model": "main.hospitalsection", "pk": 21, "fields": {"hospital": 1, "name": "عيادة جراحة الأوعية الدموية", "appwrite_id": "644e1bd95cf78a3386e6"}}, {"model": "main.hospitalsection", "pk": 22, "fields": {"hospital": 1, "name": "عيادة جراحة قلب وصدر", "appwrite_id": "644e1cad491cf79857a9"}}, {"model": "main.hospitalsection", "pk": 23, "fields": {"hospital": 1, "name": "عيادة جراحة الأطفال", "appwrite_id": "644e1cd5b1b955adc4cf"}}, {"model": "main.hospitalsection", "pk": 24, "fields": {"hospital": 1, "name": "عيادة الرمد", "appwrite_id": "645874553a9f55c6b507"}}, {"model": "main.hospitalsection", "pk": 25, "fields": {"hospital": 1, "name": "عيادات تخصصية لعيادة الرمد", "appwrite_id": "645876794438f06b0ff5"}}, {"model": "main.hospitalsection", "pk": 26, "fields": {"hospital": 1, "name": "عيادة أنف وأذن وحنجرة", "appwrite_id": "645878f735e07d066098"}}, {"model": "main.hospitalsection", "pk": 27, "fields": {"hospital": 2, "name": "قسم النساء والتوليد", "appwrite_id": null}}, {"model": "main.hospitalsection", "pk": 28, "fields": {"hospital": 2, "name": "قسم الأطفال", "appwrite_id": null}}, {"model": "main.hospitalsection", "pk": 29, "fields": {"hospital": 2, "name": "قسم العناية", "appwrite_id": null}}, {"model": "main.doctor", "pk": 1, "fields": {"user": null, "section": 2, "doctor_name": "محمد أحمد", "doctor_description": "دكتور تغذية بشرية", "doctor_address": "القاهرة - مدينة نصر الحي السادس ", "waiting_time": 30, "doctor_price": 100.0, "from_time": "8", "to_time": "12", "Work_day": null, "appwrite_id": "642b4bd3752bd20b4a37"}}, {"model": "main.doctor", "pk": 2, "fields": {"user": null, "section": 2, "doctor_name": "Mohamed", "doctor_description": "Derma", "doctor_address": "CIro", "waiting_time": 30, "doctor_price": 60.0, "from_time": "9", "to_time": "11", "Work_day": null, "appwrite_id": "644a8e5d8ed1ca8716c3"}}, {"model": "main.doctor", "pk": 3, "fields": {"user": null, "section": 3, "doctor_name": "عفاف عبدالسميع", "doctor_description": null, "doctor_address": null, "waiting_time": null, "doctor_price": null, "from_time": "", "to_time": "", "Work_day": "الأحد", "appwrite_id": "644cfbc6632c25458d66"}}, {"model": "main.doctor", "pk": 4, "fields": {"user": null, "section": 3, "doctor_name": "مروة المسيري", "doctor_description": null, "doctor_address": null, "waiting_time": null, "doctor_price": null, "from_time": "", "to_time": "", "Work_day": "الاثنين", "appwrite_id": "644cfdcc7074601d484d"}}, {"model": "main.doctor", "pk": 5, "fields": {"user": null, "section": 3, "doctor_name": "مني عواد ", "doctor_description": null, "doctor_address": null, "waiting_time": null, "doctor_price": null, "from_time": "", "to_time": "", "Work_day": "الأربعاء", "appwrite_id": "644cfe24c6c3fea75b1a"}}, {"model": "main.doctor", "pk": 6, "fields": {"user": null, "section": 3, "doctor_name": "مصطفي عبدالقادر", "doctor_description": null, "doctor_address": null, "waiting_time": null, "doctor_price": null, "from_time": "", "to_time": "", "Work_day": "الثلاثاء", "appwrite_id": "644cfe68032de734a8d0"}}, {"model": "main.doctor", "pk": 7, "fields": {"user": null, "section": 3, "doctor_name": "ضحي الصيرفي ", "doctor_description": null, "doctor_address": null, "waiting_time": null, "doctor_price": null, "from_time": "", "to_time": "", "Work_day": "السبت", "appwrite_id": "644cfef0c945f6f0f30d"}}, {"model": "main.doctor", "pk": 8, "fields": {"user": null, "section": 3, "doctor_name": "محمود الحبيبي", "doctor_description": null, "doctor_address": null, "waiting_time": null, "doctor_price": null, "from_time": "", "to_time": "", "Work_day": "الاثنين", "appwrite_id": "644cff436478c670a114"}}, {"model": "main.doctor", "pk": 9, "fields": {"user": null, "section": 4, "doctor_name": " مها الزمتي", "doctor_description": null, "doctor_address": null, "waiting_time": null, "doctor_price": null, "from_time": "", "to_time": "", "Work_day": "الأحد", "appwrite_id": "644d01d40ac545bf9d6a"}}, {"model": "main.doctor", "pk": 10, "fields": {"user": null, "section": 4, "doctor_name": "أ.د/عصام عبدالواحد", "doctor_description": null, "doctor_address": null, "waiting_time": null, "doctor_price": null, "from_time": "", "to_time": "", "Work_day": "السبت", "appwrite_id": "644e88722239ce309c2e"}}, {"model": "main.doctor", "pk": 11, "fields": {"user": null, "section": 4, "doctor_name": "أ.د/مصطفي الرزاز", "doctor_description": null, "doctor_address": null, "waiting_time": null, "doctor_price": null, "from_time": "", "to_time": "", "Work_day": "السبت", "appwrite_id": "644e97ced3315050b66c"}}, {"model": "main.doctor", "pk": 12, "fields": {"user": null, "section": 4, "doctor_name": "أ.د/رانيا عبدالمنعم", "doctor_description": null, "doctor_address": null, "waiting_time": null, "doctor_price": null, "from_time": "", "to_time": "", "Work_day": "الأحد", "appwrite_id": "644e97fb8bfbeb8a2b19"}}, {"model": "main.doctor", "pk": 13, "fields": {"user": null, "section": 4, "doctor_name": "أ.د/رشا  مجدي", "doctor_description": null, "doctor_address": null, "waiting_time": null, "doctor_price": null, "from_time": "", "to_time": "", "Work_day": "الأثنين", "appwrite_id": "644e9844b86340c8f0c1"}}, {"model": "main.doctor", "pk": 14, "fields": {"user": null, "section": 4, "doctor_name": "أ.د/نور الهدي حسين", "doctor_description": null, "doctor_address": null, "waiting_time": null, "doctor_price": null, "from_time": "", "to_time": "", "Work_day": "الأثنين", "appwrite_id": "644e987080b1e627a24e"}}, {"model": "main.doctor", "pk": 15, "fields": {"user": null, "section": 4, "doctor_name": "أ.د/جهاد فكري", "doctor_description": null, "doctor_address": null, "waiting_time": null, "doctor_price": null, "from_time": "", "to_time": "", "Work_day": "الأثنين", "appwrite_id": "644e988e4ce10424af18"}}, {"model": "main.doctor", "pk": 16, "fields": {"user": null, "section": 4, "doctor_name": "أ.د/نيفين نبيل", "doctor_description": null, "doctor_address": null, "waiting_time": null, "doctor_price": null, "from_time": "", "to_time": "", "Work_day": "الثلاثاء", "appwrite_id": "644e98b0256fdef37194"}}, {"model": "main.doctor", "pk": 17, "fields": {"user": null, "section": 4, "doctor_name": "أ.د/هايدي السيد", "doctor_description": null, "doctor_address": null, "waiting_time": null, "doctor_price": null, "from_time": "", "to_time": "", "Work_day": "الثلاثاء", "appwrite_id": "644e98d7de288c52e7d5"}}, {"model": "main.doctor", "pk": 18, "fields": {"user": null, "section": 4, "doctor_name": "أ.د/حنان حامد ", "doctor_description": null, "doctor_address": null, "waiting_time": null, "doctor_price": null, "from_time": "", "to_time": "", "Work_day": "الأربعاء", "appwrite_id": "644e991b4260ebbcfe74"}}, {"model": "main.doctor", "pk": 19, "fields": {"user": null, "section": 4, "doctor_name": "أ.د/أمل عفيفي", "doctor_description": null, "doctor_address": null, "waiting_time": null, "doctor_price": null, "from_time": "", "to_time": "", "Work_day": "الأربعاء", "appwrite_id": "644e993450fb19452238"}}, {"model": "main.doctor", "pk": 20, "fields": {"user": null, "section": 5, "doctor_name": "آمال الجنزوري", "doctor_description": "الطب الطبيعي", "doctor_address": null, "waiting_time": null, "doctor_price": null, "from_time": "", "to_time": "", "Work_day": "الثلاثاء", "appwrite_id": "644d037a55a01d22bc27"}}, {"model": "main.doctor", "pk": 21, "fields": {"user": null, "section": 5, "doctor_name": "أ.د/مني السباعي", "doctor_description": "الطب الطبيعي", "doctor_address": null, "waiting_time": null, "doctor_price": null, "from_time": "", "to_time": "", "Work_day": "الثلاثاء", "appwrite_id": "644e99cf7ff30ba79fc2"}}, {"model": "main.doctor", "pk": 22, "fields": {"user": null, "section": 5, "doctor_name": "أ.د/نجوي نصار", "doctor_description": "الطب الطبيعي", "doctor_address": null, "waiting_time": null, "doctor_price": null, "from_time": "", "to_time": "", "Work_day": "الأربعاء", "appwrite_id": "644e9a0aa149e9fced81"}}, {"model": "main.doctor", "pk": 23, "fields": {"user": null, "section": 6, "doctor_name": "د/أحمد سعفان ، د/محمد شعيب", "doctor_description": null, "doctor_address": null, "waiting_time": null, "doctor_price": null, "from_time": "", "to_time": "", "Work_day": "السبت", "appwrite_id": "644d11623232dece4e33"}}, {"model": "main.doctor", "pk": 24, "fields": {"user": null, "section": 6, "doctor_name": "أ.د/حسن شاكر", "doctor_description": "المناظير", "doctor_address": null, "waiting_time": null, "doctor_price": null, "from_time": "", "to_time": "", "Work_day": "السبت", "appwrite_id": "644d11afbd5a9c1033d5"}}, {"model": "main.doctor", "pk": 25, "fields": {"user": null, "section": 6, "doctor_name": "ا.د /محمد عصمت", "doctor_description": "ذكورة", "doctor_address": null, "waiting_time": null, "doctor_price": null, "from_time": "", "to_time": "", "Work_day": "الثلاثاء", "appwrite_id": "644d11f974df1bc87bea"}}, {"model": "main.doctor", "pk": 26, "fields": {"user": null, "section": 6, "doctor_name": "أ.د/طارق عثمان", "doctor_description": "أورام جهاز بولي", "doctor_address": null, "waiting_time": null, "doctor_price": null, "from_time": "", "to_time": "", "Work_day": "الأربعاء", "appwrite_id": "644d1234b7ba486c3f32"}}, {"model": "main.doctor", "pk": 27, "fields": {"user": null, "section": 6, "doctor_name": "أ.د/محمود أحمد", "doctor_description": null, "doctor_address": null, "waiting_time": null, "doctor_price": null, "from_time": "", "to_time": "", "Work_day": "السبت", "appwrite_id": "644eb05e1b3dd692fb24"}}, {"model": "main.doctor", "pk": 28, "fields": {"user": null, "section": 6, "doctor_name": "أ.د/حسام العوضي", "doctor_description": null, "doctor_address": null, "waiting_time": null, "doctor_price": null, "from_time": "", "to_time": "", "Work_day": "السبت", "appwrite_id": "644eb095bbd4c740ad86"}}, {"model": "main.doctor", "pk": 29, "fields": {"user": null, "section": 6, "doctor_name": "أ.د/أحمد توفيق", "doctor_description": "", "doctor_address": null, "waiting_time": null, "doctor_price": null, "from_time": "", "to_time": "", "Work_day": "الأحد", "appwrite_id": "644eb1203244ad58b551"}}, {"model": "main.doctor", "pk": 30, "fields": {"user": null, "section": 6, "doctor_name": "أ.د/محمد أبو النجا", "doctor_description": "أطفال", "doctor_address": null, "waiting_time": null, "doctor_price": null, "from_time": "", "to_time": "", "Work_day": "الأحد", "appwrite_id": "644eb1545843b480cc04"}}, {"model": "main.doctor", "pk": 31, "fields": {"user": null, "section": 6, "doctor_name": "أ.د/محمد ياسين ", "doctor_description": null, "doctor_address": null, "waiting_time": null, "doctor_price": null, "from_time": "", "to_time": "", "Work_day": "الأحد", "appwrite_id": "644eb1821da44af6286f"}}, {"model": "main.doctor", "pk": 32, "fields": {"user": null, "section": 6, "doctor_name": "أ.د/ محمد جمال ", "doctor_description": null, "doctor_address": null, "waiting_time": null, "doctor_price": null, "from_time": "", "to_time": "", "Work_day": "الأحد", "appwrite_id": "644eb1c935f0f4afd690"}}, {"model": "main.doctor", "pk": 33, "fields": {"user": null, "section": 6, "doctor_name": "أ.د/ضياء مصطفي", "doctor_description": null, "doctor_address": null, "waiting_time": null, "doctor_price": null, "from_time": "", "to_time": "", "Work_day": "الاثنين", "appwrite_id": "644eb1f03db831664b33"}}, {"model": "main.doctor", "pk": 34, "fields": {"user": null, "section": 6, "doctor_name": "أ.د/محمد ياسين", "doctor_description": null, "doctor_address": null, "waiting_time": null, "doctor_price": null, "from_time": "", "to_time": "", "Work_day": "الاثنين", "appwrite_id": "644eb22a13056900e590"}}, {"model": "main.doctor", "pk": 35, "fields": {"user": null, "section": 6, "doctor_name": "أ.د/أحمد رضوان", "doctor_description": null, "doctor_address": null, "waiting_time": null, "doctor_price": null, "from_time": "", "to_time": "", "Work_day": "الأثنين", "appwrite_id": "644eb252c78934c20163"}}, {"model": "main.doctor", "pk": 36, "fields": {"user": null, "section": 6, "doctor_name": "أ.د/أحمد عبدالله", "doctor_description": null, "doctor_address": null, "waiting_time": null, "doctor_price": null, "from_time": "", "to_time": "", "Work_day": "الاثنين", "appwrite_id": "644eb2daede234e68ba9"}}, {"model": "main.doctor", "pk": 37, "fields": {"user": null, "section": 6, "doctor_name": "أ.د/محمد عصمت ", "doctor_description": null, "doctor_address": null, "waiting_time": null, "doctor_price": null, "from_time": "", "to_time": "", "Work_day": "الثلاثاء", "appwrite_id": "644eb302757b606da04b"}}, {"model": "main.doctor", "pk": 38, "fields": {"user": null, "section": 6, "doctor_name": "أ.د/هاني حامد ", "doctor_description": null, "doctor_address": null, "waiting_time": null, "doctor_price": null, "from_time": "", "to_time": "", "Work_day": "الثلاثاء", "appwrite_id": "644eb3498e589dbf7f4c"}}, {"model": "main.doctor", "pk": 39, "fields": {"user": null, "section": 6, "doctor_name": "أ.د/محمد قطب", "doctor_description": null, "doctor_address": null, "waiting_time": null, "doctor_price": null, "from_time": "", "to_time": "", "Work_day": "الثلاثاء", "appwrite_id": "644eb3731e9d93a9ca99"}}, {"model": "main.doctor", "pk": 40, "fields": {"user": null, "section": 6, "doctor_name": "أ.د/كريم عمر ", "doctor_description": null, "doctor_address": null, "waiting_time": null, "doctor_price": null, "from_time": "", "to_time": "", "Work_day": "الأربعاء", "appwrite_id": "644eb3aa63aaa3fe3ad6"}}, {"model": "main.doctor", "pk": 41, "fields": {"user": null, "section": 6, "doctor_name": "أ.د/أحمد فاروق ", "doctor_description": null, "doctor_address": null, "waiting_time": null, "doctor_price": null, "from_time": "", "to_time": "", "Work_day": "الأربعاء", "appwrite_id": "644eb3d3cf60761ef163"}}, {"model": "main.doctor", "pk": 42, "fields": {"user": null, "section": 7, "doctor_name": "أ.د/عبدالرحمن الجيار ", "doctor_description": null, "doctor_address": null, "waiting_time": null, "doctor_price": null, "from_time": "", "to_time": "", "Work_day": "السبت", "appwrite_id": "644d14431045f93e822e"}}, {"model": "main.doctor", "pk": 43, "fields": {"user": null, "section": 7, "doctor_name": "ا.د/وليد عبدالعني", "doctor_description": "شلل دماغي", "doctor_address": null, "waiting_time": null, "doctor_price": null, "from_time": "", "to_time": "", "Work_day": "السبت", "appwrite_id": "644d1473364e93fa80d8"}}, {"model": "main.doctor", "pk": 44, "fields": {"user": null, "section": 7, "doctor_name": "أ.د/خالد سعيد", "doctor_description": null, "doctor_address": null, "waiting_time": null, "doctor_price": null, "from_time": "", "to_time": "", "Work_day": "السبت", "appwrite_id": "644ea8de9a237faf0033"}}, {"model": "main.doctor", "pk": 45, "fields": {"user": null, "section": 7, "doctor_name": "أ.د/صلاح عبدالخالق ", "doctor_description": null, "doctor_address": null, "waiting_time": null, "doctor_price": null, "from_time": "", "to_time": "", "Work_day": "السبت", "appwrite_id": "644ea9075c109ba13ba1"}}, {"model": "main.doctor", "pk": 46, "fields": {"user": null, "section": 7, "doctor_name": "أ.د/أحمد مأمون", "doctor_description": null, "doctor_address": null, "waiting_time": null, "doctor_price": null, "from_time": "", "to_time": "", "Work_day": "السبت", "appwrite_id": "644ea928e3b2b383c419"}}, {"model": "main.doctor", "pk": 47, "fields": {"user": null, "section": 7, "doctor_name": "أ.د/هشام أنور", "doctor_description": null, "doctor_address": null, "waiting_time": null, "doctor_price": null, "from_time": "", "to_time": "", "Work_day": "الأحد", "appwrite_id": "644ea94f96124cc7f542"}}, {"model": "main.doctor", "pk": 48, "fields": {"user": null, "section": 7, "doctor_name": "أ.د/خالد الشاذلي ", "doctor_description": null, "doctor_address": null, "waiting_time": null, "doctor_price": null, "from_time": "", "to_time": "", "Work_day": "الأحد", "appwrite_id": "644ea96ee42d5226b58c"}}, {"model": "main.doctor", "pk": 49, "fields": {"user": null, "section": 7, "doctor_name": "أ.د/هشام أبو العلا", "doctor_description": null, "doctor_address": null, "waiting_time": null, "doctor_price": null, "from_time": "", "to_time": "", "Work_day": "الأحد", "appwrite_id": "644ea997b3be7fd7ce4f"}}, {"model": "main.doctor", "pk": 50, "fields": {"user": null, "section": 7, "doctor_name": "أ.د/محمد المشد", "doctor_description": null, "doctor_address": null, "waiting_time": null, "doctor_price": null, "from_time": "", "to_time": "", "Work_day": "الأحد", "appwrite_id": "644ea9b7103c0a6eaf69"}}, {"model": "main.doctor", "pk": 51, "fields": {"user": null, "section": 7, "doctor_name": "أ.د/سامح حفني", "doctor_description": null, "doctor_address": null, "waiting_time": null, "doctor_price": null, "from_time": "", "to_time": "", "Work_day": "الأثنين", "appwrite_id": "644eaaf7cc5b8f462136"}}, {"model": "main.doctor", "pk": 52, "fields": {"user": null, "section": 7, "doctor_name": "أ.د/حازم أحمد  ، أ.د/أحمد السيد", "doctor_description": null, "doctor_address": null, "waiting_time": null, "doctor_price": null, "from_time": "", "to_time": "", "Work_day": "الأثنين", "appwrite_id": "644eab413f0383959938"}}, {"model": "main.doctor", "pk": 53, "fields": {"user": null, "section": 7, "doctor_name": "أ.د/ممدوح سلامة", "doctor_description": null, "doctor_address": null, "waiting_time": null, "doctor_price": null, "from_time": "", "to_time": "", "Work_day": "الأثنين", "appwrite_id": "644eab6348427e038725"}}, {"model": "main.doctor", "pk": 54, "fields": {"user": null, "section": 7, "doctor_name": "أ.د/أحمد عبدالبر", "doctor_description": null, "doctor_address": null, "waiting_time": null, "doctor_price": null, "from_time": "", "to_time": "", "Work_day": "الثلاثاء", "appwrite_id": "644eab87c51e10ee2a9f"}}, {"model": "main.doctor", "pk": 55, "fields": {"user": null, "section": 7, "doctor_name": "أ.د/محمد نصير", "doctor_description": null, "doctor_address": null, "waiting_time": null, "doctor_price": null, "from_time": "", "to_time": "", "Work_day": "الثلاثاء", "appwrite_id": "644eaba6a4f7335e6362"}}, {"model": "main.doctor", "pk": 56, "fields": {"user": null, "section": 7, "doctor_name": "أ.د/أحمد السبع ", "doctor_description": null, "doctor_address": null, "waiting_time": null, "doctor_price": null, "from_time": "", "to_time": "", "Work_day": "الثلاثاء", "appwrite_id": "644eabc530b5750e43ed"}}, {"model": "main.doctor", "pk": 57, "fields": {"user": null, "section": 7, "doctor_name": "أ.د/محمد وائل سمير", "doctor_description": null, "doctor_address": null, "waiting_time": null, "doctor_price": null, "from_time": "", "to_time": "", "Work_day": "الثلاثاء", "appwrite_id": "644eabe62949592dd9b0"}}, {"model": "main.doctor", "pk": 58, "fields": {"user": null, "section": 7, "doctor_name": "أ.د/محمد حلمي ", "doctor_description": null, "doctor_address": null, "waiting_time": null, "doctor_price": null, "from_time": "", "to_time": "", "Work_day": "الثلاثاء", "appwrite_id": "644eabff704c2bfc3dc0"}}, {"model": "main.doctor", "pk": 59, "fields": {"user": null, "section": 7, "doctor_name": "أ.د/أحمد فيصل", "doctor_description": null, "doctor_address": null, "waiting_time": null, "doctor_price": null, "from_time": "", "to_time": "", "Work_day": "الأربعاء", "appwrite_id": "644eac2fdcf80a8d1cf2"}}, {"model": "main.doctor", "pk": 60, "fields": {"user": null, "section": 7, "doctor_name": " أ.د/عبدالله ماهر ،أ.د/ عادل نبيه", "doctor_description": null, "doctor_address": null, "waiting_time": null, "doctor_price": null, "from_time": "", "to_time": "", "Work_day": "الأربعاء", "appwrite_id": "644eac9d7f52630873e0"}}, {"model": "main.doctor", "pk": 61, "fields": {"user": null, "section": 7, "doctor_name": "أ.د/إبراهيم عبدالمحسن ", "doctor_description": null, "doctor_address": null, "waiting_time": null, "doctor_price": null, "from_time": "", "to_time": "", "Work_day": "الأربعاء", "appwrite_id": "644eacc5685e0515ed00"}}, {"model": "main.doctor", "pk": 62, "fields": {"user": null, "section": 7, "doctor_name": "أ.د/عمرو جلال ", "doctor_description": null, "doctor_address": null, "waiting_time": null, "doctor_price": null, "from_time": "", "to_time": "", "Work_day": "الأربعاء", "appwrite_id": "644eacefe85955373651"}}, {"model": "main.doctor", "pk": 63, "fields": {"user": null, "section": 8, "doctor_name": "أ.د/خالد حميدة", "doctor_description": null, "doctor_address": null, "waiting_time": null, "doctor_price": null, "from_time": "", "to_time": "", "Work_day": "السبت", "appwrite_id": "644d6abbd3c3f0fea33e"}}, {"model": "main.doctor", "pk": 64, "fields": {"user": null, "section": 8, "doctor_name": "أ.د/سامح غالي ", "doctor_description": null, "doctor_address": null, "waiting_time": null, "doctor_price": null, "from_time": "", "to_time": "", "Work_day": "السبت", "appwrite_id": "644e86d0606deb728518"}}, {"model": "main.doctor", "pk": 65, "fields": {"user": null, "section": 8, "doctor_name": "أ.د/عماد عوض", "doctor_description": null, "doctor_address": null, "waiting_time": null, "doctor_price": null, "from_time": "", "to_time": "", "Work_day": "السبت", "appwrite_id": "644e86fc50cefcbe65aa"}}, {"model": "main.doctor", "pk": 66, "fields": {"user": null, "section": 8, "doctor_name": "أ.د/هشام العقاد", "doctor_description": null, "doctor_address": null, "waiting_time": null, "doctor_price": null, "from_time": "", "to_time": "", "Work_day": "السبت", "appwrite_id": "644e871cd26ef9dc4572"}}, {"model": "main.doctor", "pk": 67, "fields": {"user": null, "section": 8, "doctor_name": "أ.د/محمد الملطاوي", "doctor_description": null, "doctor_address": null, "waiting_time": null, "doctor_price": null, "from_time": "", "to_time": "", "Work_day": "السبت", "appwrite_id": "644e87389588949d5cc4"}}, {"model": "main.doctor", "pk": 68, "fields": {"user": null, "section": 8, "doctor_name": "أ.د/هاني دبوس", "doctor_description": null, "doctor_address": null, "waiting_time": null, "doctor_price": null, "from_time": "", "to_time": "", "Work_day": "الأحد", "appwrite_id": "644e890a2084e87590b3"}}, {"model": "main.doctor", "pk": 69, "fields": {"user": null, "section": 8, "doctor_name": "أ.د/حسام سالم", "doctor_description": null, "doctor_address": null, "waiting_time": null, "doctor_price": null, "from_time": "", "to_time": "", "Work_day": "الأحد", "appwrite_id": "644e8927167013ce76b6"}}, {"model": "main.doctor", "pk": 70, "fields": {"user": null, "section": 8, "doctor_name": "أ.د/معتز سيد", "doctor_description": null, "doctor_address": null, "waiting_time": null, "doctor_price": null, "from_time": "", "to_time": "", "Work_day": "الأحد", "appwrite_id": "644e894a192260dca443"}}, {"model": "main.doctor", "pk": 71, "fields": {"user": null, "section": 8, "doctor_name": "أ.د/وليد عبدالعاطي ", "doctor_description": null, "doctor_address": null, "waiting_time": null, "doctor_price": null, "from_time": "", "to_time": "", "Work_day": "الأحد", "appwrite_id": "644e897ee309787d515e"}}, {"model": "main.doctor", "pk": 72, "fields": {"user": null, "section": 8, "doctor_name": "أ.د/خالد عبدالحميد", "doctor_description": null, "doctor_address": null, "waiting_time": null, "doctor_price": null, "from_time": "", "to_time": "", "Work_day": "الأحد", "appwrite_id": "644e89d9ae62310fb648"}}, {"model": "main.doctor", "pk": 73, "fields": {"user": null, "section": 8, "doctor_name": "أ.د/منار صلاح  ", "doctor_description": null, "doctor_address": null, "waiting_time": null, "doctor_price": null, "from_time": "", "to_time": "", "Work_day": "الأثنين", "appwrite_id": "644e8a0c535ab5dc585b"}}, {"model": "main.doctor", "pk": 74, "fields": {"user": null, "section": 8, "doctor_name": "أ.د/محمد صلاح", "doctor_description": null, "doctor_address": null, "waiting_time": null, "doctor_price": null, "from_time": "", "to_time": "", "Work_day": "الأثنين", "appwrite_id": "644e8a2d43f6876a8e7d"}}, {"model": "main.doctor", "pk": 75, "fields": {"user": null, "section": 8, "doctor_name": "أ.د/أحمد لطفي", "doctor_description": null, "doctor_address": null, "waiting_time": null, "doctor_price": null, "from_time": "", "to_time": "", "Work_day": "الأثنين", "appwrite_id": "644e8a4be39ce63df827"}}, {"model": "main.doctor", "pk": 76, "fields": {"user": null, "section": 8, "doctor_name": "أ.د/هشام عز الدين", "doctor_description": null, "doctor_address": null, "waiting_time": null, "doctor_price": null, "from_time": "", "to_time": "", "Work_day": "الأثنين", "appwrite_id": "644e8a7e18a276dfb6eb"}}, {"model": "main.doctor", "pk": 77, "fields": {"user": null, "section": 8, "doctor_name": "أ.د/خالد القرموطي", "doctor_description": null, "doctor_address": null, "waiting_time": null, "doctor_price": null, "from_time": "", "to_time": "", "Work_day": "الأثنين", "appwrite_id": "644e8aa827a1e3e5c433"}}, {"model": "main.doctor", "pk": 78, "fields": {"user": null, "section": 8, "doctor_name": "أ.د/أشرف أمين", "doctor_description": null, "doctor_address": null, "waiting_time": null, "doctor_price": null, "from_time": "", "to_time": "", "Work_day": "الثلاثاء", "appwrite_id": "644ea639eebf5b8f5c2c"}}, {"model": "main.doctor", "pk": 79, "fields": {"user": null, "section": 8, "doctor_name": "أ.د/شريف منير ", "doctor_description": null, "doctor_address": null, "waiting_time": null, "doctor_price": null, "from_time": "", "to_time": "", "Work_day": "الثلاثاء", "appwrite_id": "644ea67629c56b7450ea"}}, {"model": "main.doctor", "pk": 80, "fields": {"user": null, "section": 8, "doctor_name": "أ.د/محمود عثمان", "doctor_description": null, "doctor_address": null, "waiting_time": null, "doctor_price": null, "from_time": "", "to_time": "", "Work_day": "الثلاثاء", "appwrite_id": "644ea695f1299f9f483c"}}, {"model": "main.doctor", "pk": 81, "fields": {"user": null, "section": 8, "doctor_name": "أ.د/حنان بدوي", "doctor_description": null, "doctor_address": null, "waiting_time": null, "doctor_price": null, "from_time": "", "to_time": "", "Work_day": "الثلاثاء", "appwrite_id": "644ea6d1e4cce0cded40"}}, {"model": "main.doctor", "pk": 82, "fields": {"user": null, "section": 8, "doctor_name": "أ.د/محمد إبراهيم حسن", "doctor_description": null, "doctor_address": null, "waiting_time": null, "doctor_price": null, "from_time": "", "to_time": "", "Work_day": "الأربعاء", "appwrite_id": "644ea6f7892c995a98f5"}}, {"model": "main.doctor", "pk": 83, "fields": {"user": null, "section": 8, "doctor_name": "أ.د/محمد عبدالمغني", "doctor_description": null, "doctor_address": null, "waiting_time": null, "doctor_price": null, "from_time": "", "to_time": "", "Work_day": "الأربعاء", "appwrite_id": "644ea7226d1942217153"}}, {"model": "main.doctor", "pk": 84, "fields": {"user": null, "section": 8, "doctor_name": "أ.د/حسام الباز", "doctor_description": null, "doctor_address": null, "waiting_time": null, "doctor_price": null, "from_time": "", "to_time": "", "Work_day": "الأربعاء", "appwrite_id": "644ea73eb1cc03cc5fbc"}}, {"model": "main.doctor", "pk": 85, "fields": {"user": null, "section": 8, "doctor_name": "أ.د/حسام عبدالعزيز", "doctor_description": null, "doctor_address": null, "waiting_time": null, "doctor_price": null, "from_time": "", "to_time": "", "Work_day": "الأربعاء", "appwrite_id": "644ea77c9e8f181393dc"}}, {"model": "main.doctor", "pk": 86, "fields": {"user": null, "section": 8, "doctor_name": "أ.د/عمرو فطين ", "doctor_description": null, "doctor_address": null, "waiting_time": null, "doctor_price": null, "from_time": "", "to_time": "", "Work_day": "الأربعاء", "appwrite_id": "644ea7bc78ead52b6e46"}}, {"model": "main.doctor", "pk": 87, "fields": {"user": null, "section": 8, "doctor_name": "أ.د/أشرف البريدي", "doctor_description": null, "doctor_address": null, "waiting_time": null, "doctor_price": null, "from_time": "", "to_time": "", "Work_day": "الخميس", "appwrite_id": "644ea7dd235a2ddbd4dc"}}, {"model": "main.doctor", "pk": 88, "fields": {"user": null, "section": 9, "doctor_name": "أ.د/ندي حماد", "doctor_description": null, "doctor_address": null, "waiting_time": null, "doctor_price": null, "from_time": "", "to_time": "", "Work_day": "الأحد", "appwrite_id": "644d6d2f276a71986522"}}, {"model": "main.doctor", "pk": 89, "fields": {"user": null, "section": 9, "doctor_name": "أ.د/شيماء جاد", "doctor_description": null, "doctor_address": null, "waiting_time": null, "doctor_price": null, "from_time": "", "to_time": "", "Work_day": "الثلاثاء", "appwrite_id": "644d6d72999b35f3d667"}}, {"model": "main.doctor", "pk": 90, "fields": {"user": null, "section": 10, "doctor_name": "أ.د/أدهم مجدي", "doctor_description": null, "doctor_address": null, "waiting_time": null, "doctor_price": null, "from_time": "", "to_time": "", "Work_day": "السبت", "appwrite_id": "644d6f10d6b1e543219d"}}, {"model": "main.doctor", "pk": 91, "fields": {"user": null, "section": 10, "doctor_name": "أ.د/هايدي نشأت", "doctor_description": null, "doctor_address": null, "waiting_time": null, "doctor_price": null, "from_time": "", "to_time": "", "Work_day": "الأحد", "appwrite_id": "644d6f42d751176df6d4"}}, {"model": "main.doctor", "pk": 92, "fields": {"user": null, "section": 10, "doctor_name": "أ.د/أحمد سعودي", "doctor_description": null, "doctor_address": null, "waiting_time": null, "doctor_price": null, "from_time": "", "to_time": "", "Work_day": "الاثنين", "appwrite_id": "644d6f89c9ba28e35443"}}, {"model": "main.doctor", "pk": 93, "fields": {"user": null, "section": 10, "doctor_name": "أ.د/محمد راغب", "doctor_description": "", "doctor_address": null, "waiting_time": null, "doctor_price": null, "from_time": "", "to_time": "", "Work_day": "الثلاثاء", "appwrite_id": "644d6fc279722e2bc3c6"}}, {"model": "main.doctor", "pk": 94, "fields": {"user": null, "section": 10, "doctor_name": "أ.د/إسلام جمال", "doctor_description": null, "doctor_address": null, "waiting_time": null, "doctor_price": null, "from_time": "", "to_time": "", "Work_day": "الأربعاء", "appwrite_id": "644d6ff0a53012c6ed16"}}, {"model": "main.doctor", "pk": 95, "fields": {"user": null, "section": 11, "doctor_name": "أ.د/إيمان  حافظ", "doctor_description": null, "doctor_address": null, "waiting_time": null, "doctor_price": null, "from_time": "", "to_time": "", "Work_day": "الأحد", "appwrite_id": "644d73e7656f5a79ba09"}}, {"model": "main.doctor", "pk": 96, "fields": {"user": null, "section": 11, "doctor_name": "أ.د/امينة بدرالدين", "doctor_description": null, "doctor_address": null, "waiting_time": null, "doctor_price": null, "from_time": "", "to_time": "", "Work_day": "السبت", "appwrite_id": "644e83f470e004028c1e"}}, {"model": "main.doctor", "pk": 97, "fields": {"user": null, "section": 11, "doctor_name": "أ.د/شفيقة  ابراهيم", "doctor_description": null, "doctor_address": null, "waiting_time": null, "doctor_price": null, "from_time": "", "to_time": "", "Work_day": "السبت", "appwrite_id": "644e845159ac69a845d7"}}, {"model": "main.doctor", "pk": 98, "fields": {"user": null, "section": 11, "doctor_name": "أ.د/نشوي المرشدي ", "doctor_description": null, "doctor_address": null, "waiting_time": null, "doctor_price": null, "from_time": "", "to_time": "", "Work_day": "الأحد", "appwrite_id": "644e847be24f8bb59ed2"}}, {"model": "main.doctor", "pk": 99, "fields": {"user": null, "section": 11, "doctor_name": "أ.د/عمرو حواش", "doctor_description": null, "doctor_address": null, "waiting_time": null, "doctor_price": null, "from_time": "", "to_time": "", "Work_day": "الأحد", "appwrite_id": "644e84b0713bf18270a6"}}, {"model": "main.doctor", "pk": 100, "fields": {"user": null, "section": 11, "doctor_name": "أ.د/سماح عبدالرحمن", "doctor_description": " ", "doctor_address": null, "waiting_time": null, "doctor_price": null, "from_time": "", "to_time": "", "Work_day": "الأثنين", "appwrite_id": "644e84e819578c885915"}}, {"model": "main.doctor", "pk": 101, "fields": {"user": null, "section": 11, "doctor_name": "أ.د/ريم عبدالمنعم", "doctor_description": null, "doctor_address": null, "waiting_time": null, "doctor_price": null, "from_time": "", "to_time": "", "Work_day": "الأثنين", "appwrite_id": "644e850bd6ffa008e686"}}, {"model": "main.doctor", "pk": 102, "fields": {"user": null, "section": 11, "doctor_name": "أ.د/رشا حسن ", "doctor_description": null, "doctor_address": null, "waiting_time": null, "doctor_price": null, "from_time": "", "to_time": "", "Work_day": "الأثنين", "appwrite_id": "644e8530bca1cd61e5fc"}}, {"model": "main.doctor", "pk": 103, "fields": {"user": null, "section": 11, "doctor_name": "أ.د/نوران اسامة", "doctor_description": null, "doctor_address": null, "waiting_time": null, "doctor_price": null, "from_time": "", "to_time": "", "Work_day": "الثلاثاء", "appwrite_id": "644e857279648f555617"}}, {"model": "main.doctor", "pk": 104, "fields": {"user": null, "section": 11, "doctor_name": "أ.د/داليا عبدالمحسن ", "doctor_description": null, "doctor_address": null, "waiting_time": null, "doctor_price": null, "from_time": "", "to_time": "", "Work_day": "الثلاثاء", "appwrite_id": "644e8594bcd2e106ea26"}}, {"model": "main.doctor", "pk": 105, "fields": {"user": null, "section": 11, "doctor_name": "أ.د/سامح عبدالمطلب", "doctor_description": null, "doctor_address": null, "waiting_time": null, "doctor_price": null, "from_time": "", "to_time": "", "Work_day": "الأربعاء", "appwrite_id": "644e85c379db49e3dab2"}}, {"model": "main.doctor", "pk": 106, "fields": {"user": null, "section": 11, "doctor_name": "أ.د/داليا فايز ", "doctor_description": null, "doctor_address": null, "waiting_time": null, "doctor_price": null, "from_time": "", "to_time": "", "Work_day": "الأربعاء ", "appwrite_id": "644e85e4a6ba930da68d"}}, {"model": "main.doctor", "pk": 107, "fields": {"user": null, "section": 11, "doctor_name": "أ.د/إيمان حافظ", "doctor_description": null, "doctor_address": null, "waiting_time": null, "doctor_price": null, "from_time": "", "to_time": "", "Work_day": "الأربعاء", "appwrite_id": "644e8608abb14427535f"}}, {"model": "main.doctor", "pk": 108, "fields": {"user": null, "section": 12, "doctor_name": "أ.د/مرفت عبدالحميد ، أ.د/مني الحسيني", "doctor_description": null, "doctor_address": null, "waiting_time": null, "doctor_price": null, "from_time": "", "to_time": "", "Work_day": "السبت", "appwrite_id": "644d75b2a35a7e6ef87f"}}, {"model": "main.doctor", "pk": 109, "fields": {"user": null, "section": 12, "doctor_name": "أ.د/هناء فتحي ، أ.د/هبة الشامي", "doctor_description": null, "doctor_address": null, "waiting_time": null, "doctor_price": null, "from_time": "", "to_time": "", "Work_day": "السبت", "appwrite_id": "644e5cd12f9d112f0357"}}, {"model": "main.doctor", "pk": 110, "fields": {"user": null, "section": 12, "doctor_name": "أ.د/منال سمير ", "doctor_description": null, "doctor_address": null, "waiting_time": null, "doctor_price": null, "from_time": "", "to_time": "", "Work_day": "السبت", "appwrite_id": "644e5cec349d2e1fc32f"}}, {"model": "main.doctor", "pk": 111, "fields": {"user": null, "section": 12, "doctor_name": "أ.د/نادية كامل ، أ.د/فاطمة كامل", "doctor_description": null, "doctor_address": null, "waiting_time": null, "doctor_price": null, "from_time": "", "to_time": "", "Work_day": "الأحد", "appwrite_id": "644e819c4311d12daac6"}}, {"model": "main.doctor", "pk": 112, "fields": {"user": null, "section": 12, "doctor_name": "أ.د/محمد رجائي، أ.د/نيفين شاكر", "doctor_description": null, "doctor_address": null, "waiting_time": null, "doctor_price": null, "from_time": "", "to_time": "", "Work_day": "الأحد", "appwrite_id": "644e81cda691b74e4cf8"}}, {"model": "main.doctor", "pk": 113, "fields": {"user": null, "section": 12, "doctor_name": "أ.د/نيرة زغلول", "doctor_description": null, "doctor_address": null, "waiting_time": null, "doctor_price": null, "from_time": "", "to_time": "", "Work_day": "الأحد", "appwrite_id": "644e81f1a9617de8d1ca"}}, {"model": "main.doctor", "pk": 114, "fields": {"user": null, "section": 12, "doctor_name": "أ.د/ محمد علوي ، أ.د/مرفت عبدالحكيم", "doctor_description": null, "doctor_address": null, "waiting_time": null, "doctor_price": null, "from_time": "", "to_time": "", "Work_day": "الأثنين", "appwrite_id": "644e822c2af6f6cf499d"}}, {"model": "main.doctor", "pk": 115, "fields": {"user": null, "section": 12, "doctor_name": "ا.د/جمال ذكي ، أ.د/ناهد منير", "doctor_description": null, "doctor_address": null, "waiting_time": null, "doctor_price": null, "from_time": "", "to_time": "", "Work_day": "الأثنين", "appwrite_id": "644e826e9aac2c5c89d0"}}, {"model": "main.doctor", "pk": 116, "fields": {"user": null, "section": 12, "doctor_name": "أ.د/نهال الششتاوي", "doctor_description": null, "doctor_address": null, "waiting_time": null, "doctor_price": null, "from_time": "", "to_time": "", "Work_day": "الأثنين", "appwrite_id": "644e828beed634cd6c35"}}, {"model": "main.doctor", "pk": 117, "fields": {"user": null, "section": 12, "doctor_name": "أ.د/نيفين بدر ، أ.د/هالة حيدر ", "doctor_description": null, "doctor_address": null, "waiting_time": null, "doctor_price": null, "from_time": "", "to_time": "", "Work_day": "الثلاثاء", "appwrite_id": "644e82b3bede19d8fb24"}}, {"model": "main.doctor", "pk": 118, "fields": {"user": null, "section": 12, "doctor_name": "أ.د/عزة الجوجري ، أ.د / نادية العروسي ", "doctor_description": null, "doctor_address": null, "waiting_time": null, "doctor_price": null, "from_time": "", "to_time": "", "Work_day": "الثلاثاء", "appwrite_id": "644e82e7ccd26838528a"}}, {"model": "main.doctor", "pk": 119, "fields": {"user": null, "section": 12, "doctor_name": "أ.د/هالة عبدالهادي ", "doctor_description": null, "doctor_address": null, "waiting_time": null, "doctor_price": null, "from_time": "", "to_time": "", "Work_day": "الثلاثاء", "appwrite_id": "644e83048a15e4e828bc"}}, {"model": "main.doctor", "pk": 120, "fields": {"user": null, "section": 12, "doctor_name": "أ.د/نجلاء علي ، أ.د/ نوران أباظة", "doctor_description": null, "doctor_address": null, "waiting_time": null, "doctor_price": null, "from_time": "", "to_time": "", "Work_day": "الأربعاء ", "appwrite_id": "644e8337027ab62186f9"}}, {"model": "main.doctor", "pk": 121, "fields": {"user": null, "section": 12, "doctor_name": "أ.د/محمود الطيب. ، أ.د/نيفين فودة ", "doctor_description": null, "doctor_address": null, "waiting_time": null, "doctor_price": null, "from_time": "", "to_time": "", "Work_day": "الأربعاء", "appwrite_id": "644e8377091bc84328b0"}}, {"model": "main.doctor", "pk": 122, "fields": {"user": null, "section": 12, "doctor_name": "أ.د/هبة الششتاوي", "doctor_description": null, "doctor_address": null, "waiting_time": null, "doctor_price": null, "from_time": "", "to_time": "", "Work_day": "الأربعاء", "appwrite_id": "644e83944cfe40a0d904"}}, {"model": "main.doctor", "pk": 123, "fields": {"user": null, "section": 13, "doctor_name": "أ.د/عمرو كامل", "doctor_description": null, "doctor_address": null, "waiting_time": null, "doctor_price": null, "from_time": "", "to_time": "", "Work_day": "السبت", "appwrite_id": "644d7814c7b84902ea31"}}, {"model": "main.doctor", "pk": 124, "fields": {"user": null, "section": 13, "doctor_name": "أ.د / رضا سعد", "doctor_description": "ج.جهاز هضمي علوي", "doctor_address": null, "waiting_time": null, "doctor_price": null, "from_time": "", "to_time": "", "Work_day": "السبت", "appwrite_id": "644d78a1db9adb85ea05"}}, {"model": "main.doctor", "pk": 125, "fields": {"user": null, "section": 13, "doctor_name": "أ.د/عصام فخري", "doctor_description": "ج.شرج", "doctor_address": null, "waiting_time": null, "doctor_price": null, "from_time": "", "to_time": "", "Work_day": "السبت", "appwrite_id": "644d791332df859947a6"}}, {"model": "main.doctor", "pk": 126, "fields": {"user": null, "section": 13, "doctor_name": "ا.د/أحمد جمال", "doctor_description": "جراحة ثدي", "doctor_address": null, "waiting_time": null, "doctor_price": null, "from_time": "", "to_time": "", "Work_day": "السبت", "appwrite_id": "644d79947d4de0867bbe"}}, {"model": "main.doctor", "pk": 127, "fields": {"user": null, "section": 13, "doctor_name": "أ.د / حسام صبحي", "doctor_description": "ج.القولون", "doctor_address": null, "waiting_time": null, "doctor_price": null, "from_time": "", "to_time": "", "Work_day": "الأحد", "appwrite_id": "644d79e880514427029e"}}, {"model": "main.doctor", "pk": 128, "fields": {"user": null, "section": 13, "doctor_name": "أ.د/احمد درويش", "doctor_description": "ج.شرج", "doctor_address": null, "waiting_time": null, "doctor_price": null, "from_time": "", "to_time": "", "Work_day": "الاثنين", "appwrite_id": "644d7a2e5d419de41d12"}}, {"model": "main.doctor", "pk": 129, "fields": {"user": null, "section": 13, "doctor_name": "ا.د/هيثم مصطفي", "doctor_description": "ج.سمنة", "doctor_address": null, "waiting_time": null, "doctor_price": null, "from_time": "", "to_time": "", "Work_day": "الثلاثاء", "appwrite_id": "644d7a69774320df7fbf"}}, {"model": "main.doctor", "pk": 130, "fields": {"user": null, "section": 13, "doctor_name": "ا.د/محمد ندا", "doctor_description": "ج.شرج", "doctor_address": null, "waiting_time": null, "doctor_price": null, "from_time": "", "to_time": "", "Work_day": "الأربعاء", "appwrite_id": "644d7acd59bf20fdd000"}}, {"model": "main.doctor", "pk": 131, "fields": {"user": null, "section": 13, "doctor_name": "أ.د/محمد بهاء ", "doctor_description": "جراحة كبد", "doctor_address": null, "waiting_time": null, "doctor_price": null, "from_time": "", "to_time": "", "Work_day": "الأربعاء", "appwrite_id": "644d7b090d45b5c539d1"}}, {"model": "main.doctor", "pk": 132, "fields": {"user": null, "section": 13, "doctor_name": "أ.د/علي الأنور", "doctor_description": null, "doctor_address": null, "waiting_time": null, "doctor_price": null, "from_time": "", "to_time": "", "Work_day": "السبت", "appwrite_id": "644e5a42282823353891"}}, {"model": "main.doctor", "pk": 133, "fields": {"user": null, "section": 13, "doctor_name": "أ.د/محمد محفوظ", "doctor_description": "", "doctor_address": null, "waiting_time": null, "doctor_price": null, "from_time": "", "to_time": "", "Work_day": "السبت", "appwrite_id": "644e5a725b8646bf8413"}}, {"model": "main.doctor", "pk": 134, "fields": {"user": null, "section": 13, "doctor_name": "أ.د/محمود الشافعي", "doctor_description": null, "doctor_address": null, "waiting_time": null, "doctor_price": null, "from_time": "", "to_time": "", "Work_day": "الأحد", "appwrite_id": "644e5a9024c056873b38"}}, {"model": "main.doctor", "pk": 135, "fields": {"user": null, "section": 13, "doctor_name": "أ.د/محمد خلف", "doctor_description": null, "doctor_address": null, "waiting_time": null, "doctor_price": null, "from_time": "", "to_time": "", "Work_day": "الأحد", "appwrite_id": "644e5ac9ceb4d54aba49"}}, {"model": "main.doctor", "pk": 136, "fields": {"user": null, "section": 13, "doctor_name": "أ.د/مصطفي عمر", "doctor_description": null, "doctor_address": null, "waiting_time": null, "doctor_price": null, "from_time": "", "to_time": "", "Work_day": "الأحد", "appwrite_id": "644e5ae2f08aa3cbc8e5"}}, {"model": "main.doctor", "pk": 137, "fields": {"user": null, "section": 13, "doctor_name": "أ.د/محمد عبدالستار ، أ.د/محمد الصيرفي", "doctor_description": null, "doctor_address": null, "waiting_time": null, "doctor_price": null, "from_time": "", "to_time": "", "Work_day": "الأثنين", "appwrite_id": "644e5b39a2fbc6b13a78"}}, {"model": "main.doctor", "pk": 138, "fields": {"user": null, "section": 13, "doctor_name": "أ.د/عمرو حفني", "doctor_description": null, "doctor_address": null, "waiting_time": null, "doctor_price": null, "from_time": "", "to_time": "", "Work_day": "الأثنين", "appwrite_id": "644e5b5b5290eaf61cf0"}}, {"model": "main.doctor", "pk": 139, "fields": {"user": null, "section": 13, "doctor_name": "أ.د/أسامة محمود", "doctor_description": null, "doctor_address": null, "waiting_time": null, "doctor_price": null, "from_time": "", "to_time": "", "Work_day": "الأثنين", "appwrite_id": "644e5b788d8862279f14"}}, {"model": "main.doctor", "pk": 140, "fields": {"user": null, "section": 13, "doctor_name": "أ.د/هشام وجدي", "doctor_description": null, "doctor_address": null, "waiting_time": null, "doctor_price": null, "from_time": "", "to_time": "", "Work_day": "الثلاثاء ", "appwrite_id": "644e5ba7c1e58d086304"}}, {"model": "main.doctor", "pk": 141, "fields": {"user": null, "section": 13, "doctor_name": "أ.د/عمرو عبدالناصر", "doctor_description": null, "doctor_address": null, "waiting_time": null, "doctor_price": null, "from_time": "", "to_time": "", "Work_day": "الثلاثاء", "appwrite_id": "644e5bc07bf052131f7c"}}, {"model": "main.doctor", "pk": 142, "fields": {"user": null, "section": 13, "doctor_name": "أ.د/محمد فايق", "doctor_description": null, "doctor_address": null, "waiting_time": null, "doctor_price": null, "from_time": "", "to_time": "", "Work_day": "الثلاثاء", "appwrite_id": "644e5be1f3e9d2f3ce6e"}}, {"model": "main.doctor", "pk": 143, "fields": {"user": null, "section": 13, "doctor_name": "أ.د/إيهاب حسين", "doctor_description": null, "doctor_address": null, "waiting_time": null, "doctor_price": null, "from_time": "", "to_time": "", "Work_day": "الأربعاء ", "appwrite_id": "644e5c018985ffcc7d94"}}, {"model": "main.doctor", "pk": 144, "fields": {"user": null, "section": 13, "doctor_name": "أ.د/أحمد علاء ", "doctor_description": null, "doctor_address": null, "waiting_time": null, "doctor_price": null, "from_time": "", "to_time": "", "Work_day": "الأربعاء", "appwrite_id": "644e5c18dd4d089d73de"}}, {"model": "main.doctor", "pk": 145, "fields": {"user": null, "section": 13, "doctor_name": "أ.د/أنس مشعل", "doctor_description": null, "doctor_address": null, "waiting_time": null, "doctor_price": null, "from_time": "", "to_time": "", "Work_day": "الأربعاء", "appwrite_id": "644e5c369594859e9c9a"}}, {"model": "main.doctor", "pk": 146, "fields": {"user": null, "section": 14, "doctor_name": "أ.د/عمرو مجدي ، أ.د/سها مكاوي", "doctor_description": null, "doctor_address": null, "waiting_time": null, "doctor_price": null, "from_time": "", "to_time": "", "Work_day": "السبت", "appwrite_id": "644d7cdcc73320ded0ce"}}, {"model": "main.doctor", "pk": 147, "fields": {"user": null, "section": 14, "doctor_name": "د/عادل حسين ", "doctor_description": "تجميل يد", "doctor_address": null, "waiting_time": null, "doctor_price": null, "from_time": "", "to_time": "", "Work_day": "الاثنين", "appwrite_id": "644d7d12e53d5d6833b3"}}, {"model": "main.doctor", "pk": 148, "fields": {"user": null, "section": 14, "doctor_name": "أ.د/هشام هلال ، أ.د/احمد الشحات", "doctor_description": null, "doctor_address": null, "waiting_time": null, "doctor_price": null, "from_time": "", "to_time": "", "Work_day": "الأحد", "appwrite_id": "644e59461fa44ce32453"}}, {"model": "main.doctor", "pk": 149, "fields": {"user": null, "section": 14, "doctor_name": "أ.د/شرين أبو الفتوح ، أ.د/عمرو مبروك", "doctor_description": null, "doctor_address": null, "waiting_time": null, "doctor_price": null, "from_time": "", "to_time": "", "Work_day": "الأثنين", "appwrite_id": "644e596c2db20c58ca3d"}}, {"model": "main.doctor", "pk": 150, "fields": {"user": null, "section": 14, "doctor_name": "أ.د/أكرم سيف ، أ.د/أحمد علي ", "doctor_description": null, "doctor_address": null, "waiting_time": null, "doctor_price": null, "from_time": "", "to_time": "", "Work_day": "الثلاثاء", "appwrite_id": "644e599edbbe78f5a771"}}, {"model": "main.doctor", "pk": 151, "fields": {"user": null, "section": 14, "doctor_name": "أ.د/محمد فرج ، أ.د/ندي عبدالستار", "doctor_description": null, "doctor_address": null, "waiting_time": null, "doctor_price": null, "from_time": "", "to_time": "", "Work_day": "الأربعاء", "appwrite_id": "644e59d7e18b3140bc15"}}, {"model": "main.doctor", "pk": 152, "fields": {"user": null, "section": 15, "doctor_name": "أ.د/شريف مصطفي", "doctor_description": "مفاصل", "doctor_address": null, "waiting_time": null, "doctor_price": null, "from_time": "", "to_time": "", "Work_day": "السبت", "appwrite_id": "644e028d93f93bcd11d8"}}, {"model": "main.doctor", "pk": 153, "fields": {"user": null, "section": 15, "doctor_name": "أ.د/هاني الزحلاوي ", "doctor_description": "عمود فقري", "doctor_address": null, "waiting_time": null, "doctor_price": null, "from_time": "", "to_time": "", "Work_day": "السبت", "appwrite_id": "644e02cfb216c81a3209"}}, {"model": "main.doctor", "pk": 154, "fields": {"user": null, "section": 15, "doctor_name": "أ.د / صلاح سيف ", "doctor_description": "مثبتات خارجية", "doctor_address": null, "waiting_time": null, "doctor_price": null, "from_time": "", "to_time": "", "Work_day": "السبت", "appwrite_id": "644e0325951a3235ed09"}}, {"model": "main.doctor", "pk": 155, "fields": {"user": null, "section": 15, "doctor_name": "أ.د/رامي دياب", "doctor_description": "يد", "doctor_address": null, "waiting_time": null, "doctor_price": null, "from_time": "", "to_time": "", "Work_day": "السبت", "appwrite_id": "644e03645223a2152c14"}}, {"model": "main.doctor", "pk": 156, "fields": {"user": null, "section": 15, "doctor_name": "ا.د/حسام دياب", "doctor_description": "مفاصل", "doctor_address": null, "waiting_time": null, "doctor_price": null, "from_time": "", "to_time": "", "Work_day": "السبت", "appwrite_id": "644e039be7a7bdb7fff8"}}, {"model": "main.doctor", "pk": 157, "fields": {"user": null, "section": 15, "doctor_name": "أ.د/مصطفي بركة ", "doctor_description": "عظام أطفال", "doctor_address": null, "waiting_time": null, "doctor_price": null, "from_time": "", "to_time": "", "Work_day": "السبت", "appwrite_id": "644e03df545e0fb54f3d"}}, {"model": "main.doctor", "pk": 158, "fields": {"user": null, "section": 15, "doctor_name": "ا.د/أشرف السداوي", "doctor_description": "كتف", "doctor_address": null, "waiting_time": null, "doctor_price": null, "from_time": "", "to_time": "", "Work_day": "السبت", "appwrite_id": "644e044894115bf54b59"}}, {"model": "main.doctor", "pk": 159, "fields": {"user": null, "section": 15, "doctor_name": "أ.د/عبدالفتاح سعود ", "doctor_description": "حوض وعمود فقري", "doctor_address": null, "waiting_time": null, "doctor_price": null, "from_time": "", "to_time": "", "Work_day": "السبت", "appwrite_id": "644e048522be2074abb5"}}, {"model": "main.doctor", "pk": 160, "fields": {"user": null, "section": 15, "doctor_name": "أ.د/زكريا حسن", "doctor_description": "عمود فقري", "doctor_address": null, "waiting_time": null, "doctor_price": null, "from_time": "", "to_time": "", "Work_day": "السبت", "appwrite_id": "644e04ac4cf8487ca34d"}}, {"model": "main.doctor", "pk": 161, "fields": {"user": null, "section": 15, "doctor_name": "أ.د/أحمد خالد", "doctor_description": "عظام", "doctor_address": null, "waiting_time": null, "doctor_price": null, "from_time": "", "to_time": "", "Work_day": "السبت", "appwrite_id": "644e04db68d868a1dfbd"}}, {"model": "main.doctor", "pk": 162, "fields": {"user": null, "section": 15, "doctor_name": "ا.د/أيمن هويدي", "doctor_description": "عظام", "doctor_address": null, "waiting_time": null, "doctor_price": null, "from_time": "", "to_time": "", "Work_day": "الأحد", "appwrite_id": "644e0530b9fc251f2d8c"}}, {"model": "main.doctor", "pk": 163, "fields": {"user": null, "section": 15, "doctor_name": "ا.د/محمد جبيلي", "doctor_description": "أطفال ", "doctor_address": null, "waiting_time": null, "doctor_price": null, "from_time": "", "to_time": "", "Work_day": "الأحد", "appwrite_id": "644e0559b1ae6da62e78"}}, {"model": "main.doctor", "pk": 164, "fields": {"user": null, "section": 15, "doctor_name": "ا.د/اسامة فرج", "doctor_description": "مفاصل", "doctor_address": null, "waiting_time": null, "doctor_price": null, "from_time": "", "to_time": "", "Work_day": "الأحد", "appwrite_id": "644e0599b33dbb318d02"}}, {"model": "main.doctor", "pk": 165, "fields": {"user": null, "section": 15, "doctor_name": "د /عمرو فاروق", "doctor_description": "قدم وكاحل", "doctor_address": null, "waiting_time": null, "doctor_price": null, "from_time": "", "to_time": "", "Work_day": "الأحد", "appwrite_id": "644e05c998fc96fea5a3"}}, {"model": "main.doctor", "pk": 166, "fields": {"user": null, "section": 15, "doctor_name": "أ.د/أحمد مرسي ", "doctor_description": "عمود فقري", "doctor_address": null, "waiting_time": null, "doctor_price": null, "from_time": "", "to_time": "", "Work_day": "الأحد", "appwrite_id": "644e0609ac25dc3c049a"}}, {"model": "main.doctor", "pk": 167, "fields": {"user": null, "section": 15, "doctor_name": "أ.د/محمد مهران", "doctor_description": "أطفال", "doctor_address": null, "waiting_time": null, "doctor_price": null, "from_time": "", "to_time": "", "Work_day": "الأحد", "appwrite_id": "644e06374294da785d6e"}}, {"model": "main.doctor", "pk": 168, "fields": {"user": null, "section": 15, "doctor_name": "أ.د/محمد فوزي", "doctor_description": "عمود فقري", "doctor_address": null, "waiting_time": null, "doctor_price": null, "from_time": "", "to_time": "", "Work_day": "الأحد", "appwrite_id": "644e067e2f111e52d529"}}, {"model": "main.doctor", "pk": 169, "fields": {"user": null, "section": 15, "doctor_name": "ا.د/مصطفي عشوب", "doctor_description": "مفاصل", "doctor_address": null, "waiting_time": null, "doctor_price": null, "from_time": "", "to_time": "", "Work_day": "الأحد", "appwrite_id": "644e06b19b93a857878d"}}, {"model": "main.doctor", "pk": 170, "fields": {"user": null, "section": 15, "doctor_name": "ا.د/محمد عبدالمؤمن", "doctor_description": "عمود فقري", "doctor_address": null, "waiting_time": null, "doctor_price": null, "from_time": "", "to_time": "", "Work_day": "الأحد", "appwrite_id": "644e06d40d38a5adfcf6"}}, {"model": "main.doctor", "pk": 171, "fields": {"user": null, "section": 15, "doctor_name": "أ.د/أحمد سالم", "doctor_description": "مفصل حوض", "doctor_address": null, "waiting_time": null, "doctor_price": null, "from_time": "", "to_time": "", "Work_day": "الاثنين", "appwrite_id": "644e07251e2a6085bfa6"}}, {"model": "main.doctor", "pk": 172, "fields": {"user": null, "section": 15, "doctor_name": "أ.د/شادي سمير ", "doctor_description": "أطفال", "doctor_address": null, "waiting_time": null, "doctor_price": null, "from_time": "", "to_time": "", "Work_day": "الاثنين", "appwrite_id": "644e075cba7e686ab721"}}, {"model": "main.doctor", "pk": 173, "fields": {"user": null, "section": 15, "doctor_name": "أ.د/ عمرو عبدالقادر ، أ.د/محمود عبدالوهاب", "doctor_description": "مفاصل", "doctor_address": null, "waiting_time": null, "doctor_price": null, "from_time": "", "to_time": "", "Work_day": "الاثنين ", "appwrite_id": "644e0821ef36f8755289"}}, {"model": "main.doctor", "pk": 174, "fields": {"user": null, "section": 15, "doctor_name": "أ.د/عبدالراضي محمود", "doctor_description": "عمود فقري", "doctor_address": null, "waiting_time": null, "doctor_price": null, "from_time": "", "to_time": "", "Work_day": "الاثنين", "appwrite_id": "644e08a5ebff58aedffa"}}, {"model": "main.doctor", "pk": 175, "fields": {"user": null, "section": 15, "doctor_name": "أ.د/عمرو أحمد", "doctor_description": "إصابات", "doctor_address": null, "waiting_time": null, "doctor_price": null, "from_time": "", "to_time": "", "Work_day": "الاثنين", "appwrite_id": "644e08e446a9e2aa7b26"}}, {"model": "main.doctor", "pk": 176, "fields": {"user": null, "section": 15, "doctor_name": "أ.د/وليد الشبراوي", "doctor_description": "حوض", "doctor_address": null, "waiting_time": null, "doctor_price": null, "from_time": "", "to_time": "", "Work_day": "الاثنين", "appwrite_id": "644e091f6176be582013"}}, {"model": "main.doctor", "pk": 177, "fields": {"user": null, "section": 16, "doctor_name": "أ.د/سناء فرج", "doctor_description": null, "doctor_address": null, "waiting_time": null, "doctor_price": null, "from_time": "", "to_time": "", "Work_day": "الاثنين", "appwrite_id": "644e11fa127250229a19"}}, {"model": "main.doctor", "pk": 178, "fields": {"user": null, "section": 16, "doctor_name": "أ.د/أحمد الشاعر ، أ.د/محمد طعيمة", "doctor_description": null, "doctor_address": null, "waiting_time": null, "doctor_price": null, "from_time": "", "to_time": "", "Work_day": "السبت", "appwrite_id": "644e5800eef8547fa860"}}, {"model": "main.doctor", "pk": 179, "fields": {"user": null, "section": 16, "doctor_name": "أ.د/هشام العزازي", "doctor_description": null, "doctor_address": null, "waiting_time": null, "doctor_price": null, "from_time": "", "to_time": "", "Work_day": "الأحد", "appwrite_id": "644e58449ba2316abad6"}}, {"model": "main.doctor", "pk": 180, "fields": {"user": null, "section": 16, "doctor_name": "أ.د/عمرو عبدالفتاح", "doctor_description": null, "doctor_address": null, "waiting_time": null, "doctor_price": null, "from_time": "", "to_time": "", "Work_day": "الاثنين", "appwrite_id": "644e58698646cfb9c24a"}}, {"model": "main.doctor", "pk": 181, "fields": {"user": null, "section": 16, "doctor_name": "أ.د/سحر كمال", "doctor_description": null, "doctor_address": null, "waiting_time": null, "doctor_price": null, "from_time": "", "to_time": "", "Work_day": "الثلاثاء", "appwrite_id": "644e5885a94a8c93d5a9"}}, {"model": "main.doctor", "pk": 182, "fields": {"user": null, "section": 16, "doctor_name": "أ.د/جمال عليوة", "doctor_description": null, "doctor_address": null, "waiting_time": null, "doctor_price": null, "from_time": "", "to_time": "", "Work_day": "الأربعاء", "appwrite_id": "644e58ab8c94b1562827"}}, {"model": "main.doctor", "pk": 183, "fields": {"user": null, "section": 17, "doctor_name": "أ.د/محمد بركة", "doctor_description": "التخاطب", "doctor_address": null, "waiting_time": null, "doctor_price": null, "from_time": "", "to_time": "", "Work_day": "السبت", "appwrite_id": "644e1309ed40758447e0"}}, {"model": "main.doctor", "pk": 184, "fields": {"user": null, "section": 17, "doctor_name": "أ.د/صباح حسن", "doctor_description": "عيادة القوقعة", "doctor_address": null, "waiting_time": null, "doctor_price": null, "from_time": "", "to_time": "", "Work_day": "السبت", "appwrite_id": "644e136a0ee915a3ff15"}}, {"model": "main.doctor", "pk": 185, "fields": {"user": null, "section": 17, "doctor_name": "أ.د/ناصر قطبي", "doctor_description": "التخاطب", "doctor_address": null, "waiting_time": null, "doctor_price": null, "from_time": "", "to_time": "", "Work_day": "الأحد", "appwrite_id": "644e13d8c9276978dee3"}}, {"model": "main.doctor", "pk": 186, "fields": {"user": null, "section": 17, "doctor_name": "أ.د/احمد رفعت", "doctor_description": "عيادة صعوبة بلع", "doctor_address": null, "waiting_time": null, "doctor_price": null, "from_time": "", "to_time": "", "Work_day": "الأحد", "appwrite_id": "644e14136c70ed05e3d7"}}, {"model": "main.doctor", "pk": 187, "fields": {"user": null, "section": 17, "doctor_name": "أ.د/حسن الغندور", "doctor_description": "التخاطب", "doctor_address": null, "waiting_time": null, "doctor_price": null, "from_time": "", "to_time": "", "Work_day": "الاثنين", "appwrite_id": "644e1441c07ba613dcd1"}}, {"model": "main.doctor", "pk": 188, "fields": {"user": null, "section": 17, "doctor_name": "ا.د/دينا رفاعي", "doctor_description": "عيادة صعوبة تعلم", "doctor_address": null, "waiting_time": null, "doctor_price": null, "from_time": "", "to_time": "", "Work_day": "الاثنين", "appwrite_id": "644e14890020cf963144"}}, {"model": "main.doctor", "pk": 189, "fields": {"user": null, "section": 17, "doctor_name": "أ.د/جيلان نصار", "doctor_description": "التخاطب", "doctor_address": null, "waiting_time": null, "doctor_price": null, "from_time": "", "to_time": "", "Work_day": "الثلاثاء", "appwrite_id": "644e155a77d56f75f123"}}, {"model": "main.doctor", "pk": 190, "fields": {"user": null, "section": 17, "doctor_name": "ا.د/نهلة رفاعي", "doctor_description": "التخاطب", "doctor_address": null, "waiting_time": null, "doctor_price": null, "from_time": "", "to_time": "", "Work_day": "الأربعاء", "appwrite_id": "644e15a48769d155f5b1"}}, {"model": "main.doctor", "pk": 191, "fields": {"user": null, "section": 18, "doctor_name": "ا.د/مروة مجدي", "doctor_description": "غدد وسكر", "doctor_address": null, "waiting_time": null, "doctor_price": null, "from_time": "", "to_time": "", "Work_day": "السبت", "appwrite_id": "644e16f3189de5c0c7e9"}}, {"model": "main.doctor", "pk": 192, "fields": {"user": null, "section": 18, "doctor_name": "أ.د/نيفين توكل", "doctor_description": "أعصاب أطفال", "doctor_address": null, "waiting_time": null, "doctor_price": null, "from_time": "", "to_time": "", "Work_day": "الأحد", "appwrite_id": "644e17924096592dcc34"}}, {"model": "main.doctor", "pk": 193, "fields": {"user": null, "section": 18, "doctor_name": "د/سلوي مصطفي", "doctor_description": "امراض دم وأورام", "doctor_address": null, "waiting_time": null, "doctor_price": null, "from_time": "", "to_time": "", "Work_day": "الثلاثاء", "appwrite_id": "644e17ea7d630e5754fe"}}, {"model": "main.doctor", "pk": 194, "fields": {"user": null, "section": 18, "doctor_name": "أ.د/رشا العدوي", "doctor_description": "غدد وسكر", "doctor_address": null, "waiting_time": null, "doctor_price": null, "from_time": "", "to_time": "", "Work_day": "الأربعاء", "appwrite_id": "644e182798417d13d1a5"}}, {"model": "main.doctor", "pk": 195, "fields": {"user": null, "section": 19, "doctor_name": "أ.د/علي شلش", "doctor_description": "حركات لا إرادية", "doctor_address": null, "waiting_time": null, "doctor_price": null, "from_time": "", "to_time": "", "Work_day": "السبت", "appwrite_id": "644e196987d695c791c7"}}, {"model": "main.doctor", "pk": 196, "fields": {"user": null, "section": 19, "doctor_name": "ا.د/شرين فرج", "doctor_description": "صداع", "doctor_address": null, "waiting_time": null, "doctor_price": null, "from_time": "", "to_time": "", "Work_day": "الأحد", "appwrite_id": "644e199513bd71024fb7"}}, {"model": "main.doctor", "pk": 197, "fields": {"user": null, "section": 19, "doctor_name": "أ.د/إيمان ربيع", "doctor_description": "اضطرابات نوم", "doctor_address": null, "waiting_time": null, "doctor_price": null, "from_time": "", "to_time": "", "Work_day": "الاثنين", "appwrite_id": "644e19d94b446df86b2b"}}, {"model": "main.doctor", "pk": 198, "fields": {"user": null, "section": 19, "doctor_name": "أ.د/أيمن ناصف", "doctor_description": "أعصاب أطفال", "doctor_address": null, "waiting_time": null, "doctor_price": null, "from_time": "", "to_time": "", "Work_day": "الثلاثاء", "appwrite_id": "644e1a07f2ceeaa0e8dc"}}, {"model": "main.doctor", "pk": 199, "fields": {"user": null, "section": 19, "doctor_name": "أ.د/ناجية علي فهمي", "doctor_description": "ضمور عضلات", "doctor_address": null, "waiting_time": null, "doctor_price": null, "from_time": "", "to_time": "", "Work_day": "الثلاثاء", "appwrite_id": "644e1a4110ef30afbc05"}}, {"model": "main.doctor", "pk": 200, "fields": {"user": null, "section": 19, "doctor_name": "أ.د/هاني عارف", "doctor_description": "تصلب متعدد", "doctor_address": null, "waiting_time": null, "doctor_price": null, "from_time": "", "to_time": "", "Work_day": "الأربعاء", "appwrite_id": "644e1a751c76728d8d39"}}, {"model": "main.doctor", "pk": 201, "fields": {"user": null, "section": 19, "doctor_name": "أ.د/مها ندا", "doctor_description": "أعصاب أطفال", "doctor_address": null, "waiting_time": null, "doctor_price": null, "from_time": "", "to_time": "", "Work_day": "الأربعاء", "appwrite_id": "644e1ab26005b1124508"}}, {"model": "main.doctor", "pk": 202, "fields": {"user": null, "section": 19, "doctor_name": "أ.د/مني مختار", "doctor_description": "صرع", "doctor_address": null, "waiting_time": null, "doctor_price": null, "from_time": "", "to_time": "", "Work_day": "الأربعاء", "appwrite_id": "644e1ad8b0d4745e0c7d"}}, {"model": "main.doctor", "pk": 203, "fields": {"user": null, "section": 19, "doctor_name": "أ.د/هالة الخواص ، أ.د/سلمي حامد", "doctor_description": null, "doctor_address": null, "waiting_time": null, "doctor_price": null, "from_time": "", "to_time": "", "Work_day": "السبت", "appwrite_id": "644e554267031174679f"}}, {"model": "main.doctor", "pk": 204, "fields": {"user": null, "section": 19, "doctor_name": "أ.د/تامر رشدي", "doctor_description": null, "doctor_address": null, "waiting_time": null, "doctor_price": null, "from_time": "", "to_time": "", "Work_day": "الأحد", "appwrite_id": "644e556f7c9da0130f7c"}}, {"model": "main.doctor", "pk": 205, "fields": {"user": null, "section": 19, "doctor_name": "أ.د/مني رأفت ، أ.د/لبني نبيل", "doctor_description": null, "doctor_address": null, "waiting_time": null, "doctor_price": null, "from_time": "", "to_time": "", "Work_day": "الأحد", "appwrite_id": "644e55a4b9cb70c68cf0"}}, {"model": "main.doctor", "pk": 206, "fields": {"user": null, "section": 19, "doctor_name": "أ.د/عزة عبدالناصر، أ.د/أيمن ناصف", "doctor_description": null, "doctor_address": null, "waiting_time": null, "doctor_price": null, "from_time": "", "to_time": "", "Work_day": "الأحد", "appwrite_id": "644e55d62b10e62ba1c3"}}, {"model": "main.doctor", "pk": 207, "fields": {"user": null, "section": 19, "doctor_name": "أ.د/أحمد حظو", "doctor_description": null, "doctor_address": null, "waiting_time": null, "doctor_price": null, "from_time": "", "to_time": "", "Work_day": "الأحد", "appwrite_id": "644e55f64290e3e37946"}}, {"model": "main.doctor", "pk": 208, "fields": {"user": null, "section": 19, "doctor_name": "أ.د/سامية عاشور", "doctor_description": null, "doctor_address": null, "waiting_time": null, "doctor_price": null, "from_time": "", "to_time": "", "Work_day": "الاثنين", "appwrite_id": "644e562839264c4596f1"}}, {"model": "main.doctor", "pk": 209, "fields": {"user": null, "section": 19, "doctor_name": "أ.د/حسام شكري", "doctor_description": null, "doctor_address": null, "waiting_time": null, "doctor_price": null, "from_time": "", "to_time": "", "Work_day": "الأثنين", "appwrite_id": "644e564fd158a7014ed2"}}, {"model": "main.doctor", "pk": 210, "fields": {"user": null, "section": 19, "doctor_name": "ا.د/إيمان عوض", "doctor_description": null, "doctor_address": null, "waiting_time": null, "doctor_price": null, "from_time": "", "to_time": "", "Work_day": "الأثنين", "appwrite_id": "644e5678796cbf851bb2"}}, {"model": "main.doctor", "pk": 211, "fields": {"user": null, "section": 19, "doctor_name": "ا.د/أحمد ذكي", "doctor_description": null, "doctor_address": null, "waiting_time": null, "doctor_price": null, "from_time": "", "to_time": "", "Work_day": "الاثنين", "appwrite_id": "644e56a4802fab9c8256"}}, {"model": "main.doctor", "pk": 212, "fields": {"user": null, "section": 19, "doctor_name": "أ.د/عالية حسن", "doctor_description": null, "doctor_address": null, "waiting_time": null, "doctor_price": null, "from_time": "", "to_time": "", "Work_day": "الثلاثاء", "appwrite_id": "644e5704b977a98a9664"}}, {"model": "main.doctor", "pk": 213, "fields": {"user": null, "section": 19, "doctor_name": "ا.د/أيمن ناصف", "doctor_description": null, "doctor_address": null, "waiting_time": null, "doctor_price": null, "from_time": "", "to_time": "", "Work_day": "الثلاثاء", "appwrite_id": "644e57208ea89f9cd1a2"}}, {"model": "main.doctor", "pk": 214, "fields": {"user": null, "section": 19, "doctor_name": "أ.د/نجلاء خياط", "doctor_description": null, "doctor_address": null, "waiting_time": null, "doctor_price": null, "from_time": "", "to_time": "", "Work_day": "الثلاثاء", "appwrite_id": "644e574e719182f244df"}}, {"model": "main.doctor", "pk": 215, "fields": {"user": null, "section": 19, "doctor_name": "أ.د/يسري أبو النجا", "doctor_description": null, "doctor_address": null, "waiting_time": null, "doctor_price": null, "from_time": "", "to_time": "", "Work_day": "الأربعاء", "appwrite_id": "644e576aedbeddc1668a"}}, {"model": "main.doctor", "pk": 216, "fields": {"user": null, "section": 19, "doctor_name": "أ.د/سامية عاشور", "doctor_description": null, "doctor_address": null, "waiting_time": null, "doctor_price": null, "from_time": "", "to_time": "", "Work_day": "الأربعاء", "appwrite_id": "644e578d0683792e308a"}}, {"model": "main.doctor", "pk": 217, "fields": {"user": null, "section": 20, "doctor_name": "أ.د/محمد عبداللطيف", "doctor_description": null, "doctor_address": null, "waiting_time": null, "doctor_price": null, "from_time": "", "to_time": "", "Work_day": "السبت", "appwrite_id": "644e1baadc1d288bc8fe"}}, {"model": "main.doctor", "pk": 218, "fields": {"user": null, "section": 20, "doctor_name": "أ.د/محمد  خلاف", "doctor_description": null, "doctor_address": null, "waiting_time": null, "doctor_price": null, "from_time": "", "to_time": "", "Work_day": "السبت", "appwrite_id": "644e526c070a958eaeb0"}}, {"model": "main.doctor", "pk": 219, "fields": {"user": null, "section": 20, "doctor_name": "ا.د/مروان القاضي", "doctor_description": null, "doctor_address": null, "waiting_time": null, "doctor_price": null, "from_time": "", "to_time": "", "Work_day": "السبت", "appwrite_id": "644e529bb4825e75797a"}}, {"model": "main.doctor", "pk": 220, "fields": {"user": null, "section": 20, "doctor_name": "أ.د/احمد رامي", "doctor_description": null, "doctor_address": null, "waiting_time": null, "doctor_price": null, "from_time": "", "to_time": "", "Work_day": "الأحد", "appwrite_id": "644e52b84f2541b09fbc"}}, {"model": "main.doctor", "pk": 221, "fields": {"user": null, "section": 20, "doctor_name": "ا.د/أحمد إبراهيم", "doctor_description": null, "doctor_address": null, "waiting_time": null, "doctor_price": null, "from_time": "", "to_time": "", "Work_day": "الأحد", "appwrite_id": "644e52d8a86b22cc137a"}}, {"model": "main.doctor", "pk": 222, "fields": {"user": null, "section": 20, "doctor_name": "أ.د/أحمد المراغي", "doctor_description": null, "doctor_address": null, "waiting_time": null, "doctor_price": null, "from_time": "", "to_time": "", "Work_day": "الأحد", "appwrite_id": "644e530a49c9927d91a3"}}, {"model": "main.doctor", "pk": 223, "fields": {"user": null, "section": 20, "doctor_name": "أ.د/محمد عادل", "doctor_description": null, "doctor_address": null, "waiting_time": null, "doctor_price": null, "from_time": "", "to_time": "", "Work_day": "الأحد", "appwrite_id": "644e5325abebeb08d268"}}, {"model": "main.doctor", "pk": 224, "fields": {"user": null, "section": 20, "doctor_name": "أ.د/ابتهال الطيب", "doctor_description": null, "doctor_address": null, "waiting_time": null, "doctor_price": null, "from_time": "", "to_time": "", "Work_day": "الاثنين", "appwrite_id": "644e534e6eb57150632c"}}, {"model": "main.doctor", "pk": 225, "fields": {"user": null, "section": 20, "doctor_name": "أ.د/رضوي رشيدي", "doctor_description": null, "doctor_address": null, "waiting_time": null, "doctor_price": null, "from_time": "", "to_time": "", "Work_day": "الاثنين", "appwrite_id": "644e536f0342e68e00fd"}}, {"model": "main.doctor", "pk": 226, "fields": {"user": null, "section": 20, "doctor_name": "أ.د/تامر برج", "doctor_description": null, "doctor_address": null, "waiting_time": null, "doctor_price": null, "from_time": "", "to_time": "", "Work_day": "الاثنين", "appwrite_id": "644e53ada16469f77941"}}, {"model": "main.doctor", "pk": 227, "fields": {"user": null, "section": 20, "doctor_name": "أ.د/أسامة التهامي", "doctor_description": null, "doctor_address": null, "waiting_time": null, "doctor_price": null, "from_time": "", "to_time": "", "Work_day": "الثلاثاء", "appwrite_id": "644e53e8657971d48056"}}, {"model": "main.doctor", "pk": 228, "fields": {"user": null, "section": 20, "doctor_name": "أ.د/هيام فتحي", "doctor_description": null, "doctor_address": null, "waiting_time": null, "doctor_price": null, "from_time": "", "to_time": "", "Work_day": "الثلاثاء", "appwrite_id": "644e54057d97aa88f41d"}}, {"model": "main.doctor", "pk": 229, "fields": {"user": null, "section": 20, "doctor_name": "أ.د/حسام حميدة", "doctor_description": null, "doctor_address": null, "waiting_time": null, "doctor_price": null, "from_time": "", "to_time": "", "Work_day": "الثلاثاء", "appwrite_id": "644e54283cf84a1d4648"}}, {"model": "main.doctor", "pk": 230, "fields": {"user": null, "section": 20, "doctor_name": "أ.د/احمد جمال", "doctor_description": null, "doctor_address": null, "waiting_time": null, "doctor_price": null, "from_time": "", "to_time": "", "Work_day": "الأربعاء", "appwrite_id": "644e544184c90614b4d0"}}, {"model": "main.doctor", "pk": 231, "fields": {"user": null, "section": 20, "doctor_name": "أ.د/إيهاب جمعه", "doctor_description": null, "doctor_address": null, "waiting_time": null, "doctor_price": null, "from_time": "", "to_time": "", "Work_day": "الأربعاء", "appwrite_id": "644e54604bb9c7979f0f"}}, {"model": "main.doctor", "pk": 232, "fields": {"user": null, "section": 20, "doctor_name": "أ.د/محمد عادل", "doctor_description": null, "doctor_address": null, "waiting_time": null, "doctor_price": null, "from_time": "", "to_time": "", "Work_day": "الأربعاء", "appwrite_id": "644e5481cb303e754f60"}}, {"model": "main.doctor", "pk": 233, "fields": {"user": null, "section": 21, "doctor_name": "أ.د/محمد إسماعيل", "doctor_description": null, "doctor_address": null, "waiting_time": null, "doctor_price": null, "from_time": "", "to_time": "", "Work_day": "السبت", "appwrite_id": "644e1c8b88feb62263c0"}}, {"model": "main.doctor", "pk": 234, "fields": {"user": null, "section": 21, "doctor_name": "أ.د/ ايمن عبدالفتاح", "doctor_description": null, "doctor_address": null, "waiting_time": null, "doctor_price": null, "from_time": "", "to_time": "", "Work_day": "السبت", "appwrite_id": "644e4c12a32be5069c4f"}}, {"model": "main.doctor", "pk": 235, "fields": {"user": null, "section": 21, "doctor_name": "أ.د/حمدي ابو النيل", "doctor_description": null, "doctor_address": null, "waiting_time": null, "doctor_price": null, "from_time": "", "to_time": "", "Work_day": "السبت", "appwrite_id": "644e4c3beaad671d3204"}}, {"model": "main.doctor", "pk": 236, "fields": {"user": null, "section": 21, "doctor_name": "أ.د/شريف عصام", "doctor_description": null, "doctor_address": null, "waiting_time": null, "doctor_price": null, "from_time": "", "to_time": "", "Work_day": "الأحد", "appwrite_id": "644e4c633e4a64dbf5c0"}}, {"model": "main.doctor", "pk": 237, "fields": {"user": null, "section": 21, "doctor_name": "أ.د/عمرو النبيل", "doctor_description": null, "doctor_address": null, "waiting_time": null, "doctor_price": null, "from_time": "", "to_time": "", "Work_day": "الأحد", "appwrite_id": "644e4c7dcbce40d21df6"}}, {"model": "main.doctor", "pk": 238, "fields": {"user": null, "section": 21, "doctor_name": "أ.د/نادر حماده", "doctor_description": null, "doctor_address": null, "waiting_time": null, "doctor_price": null, "from_time": "", "to_time": "", "Work_day": "الأحد", "appwrite_id": "644e4cab7c14c0797202"}}, {"model": "main.doctor", "pk": 239, "fields": {"user": null, "section": 21, "doctor_name": "أ.د/رامز منير", "doctor_description": null, "doctor_address": null, "waiting_time": null, "doctor_price": null, "from_time": "", "to_time": "", "Work_day": "الاثنين", "appwrite_id": "644e4ce4004b1a0a040f"}}, {"model": "main.doctor", "pk": 240, "fields": {"user": null, "section": 21, "doctor_name": "أ.د/محمد رزق", "doctor_description": null, "doctor_address": null, "waiting_time": null, "doctor_price": null, "from_time": "", "to_time": "", "Work_day": "الاثنين", "appwrite_id": "644e4d505e172f11c75f"}}, {"model": "main.doctor", "pk": 241, "fields": {"user": null, "section": 21, "doctor_name": "ا.د/أحمد فاروق", "doctor_description": null, "doctor_address": null, "waiting_time": null, "doctor_price": null, "from_time": "", "to_time": "", "Work_day": "الثلاثاء", "appwrite_id": "644e4d6fb1c8c9cbe344"}}, {"model": "main.doctor", "pk": 242, "fields": {"user": null, "section": 21, "doctor_name": "أ.د/عاطف عبدالحميد", "doctor_description": null, "doctor_address": null, "waiting_time": null, "doctor_price": null, "from_time": "", "to_time": "", "Work_day": "الثلاثاء", "appwrite_id": "644e4d9d2e3648376d04"}}, {"model": "main.doctor", "pk": 243, "fields": {"user": null, "section": 21, "doctor_name": "ا.د/محمد زكي", "doctor_description": null, "doctor_address": null, "waiting_time": null, "doctor_price": null, "from_time": "", "to_time": "", "Work_day": "الثلاثاء", "appwrite_id": "644e4dcd36d9e8a7a5f6"}}, {"model": "main.doctor", "pk": 244, "fields": {"user": null, "section": 21, "doctor_name": "أ.د/عبدالرحمن محمد", "doctor_description": null, "doctor_address": null, "waiting_time": null, "doctor_price": null, "from_time": "", "to_time": "", "Work_day": "الأربعاء", "appwrite_id": "644e4df3505c9adac8b2"}}, {"model": "main.doctor", "pk": 245, "fields": {"user": null, "section": 21, "doctor_name": "ا.د/كريم صبري", "doctor_description": null, "doctor_address": null, "waiting_time": null, "doctor_price": null, "from_time": "", "to_time": "", "Work_day": "الأربعاء", "appwrite_id": "644e4e1418a76502524c"}}, {"model": "main.doctor", "pk": 246, "fields": {"user": null, "section": 21, "doctor_name": "أ.د/كريم شلبي", "doctor_description": null, "doctor_address": null, "waiting_time": null, "doctor_price": null, "from_time": "", "to_time": "", "Work_day": "الأربعاء", "appwrite_id": "644e4e34bc049b5f67fe"}}, {"model": "main.doctor", "pk": 247, "fields": {"user": null, "section": 22, "doctor_name": "أ.د/حسام عاشور", "doctor_description": null, "doctor_address": null, "waiting_time": null, "doctor_price": null, "from_time": "", "to_time": "", "Work_day": "السبت", "appwrite_id": "644e1dab0c6ead14c2f4"}}, {"model": "main.doctor", "pk": 248, "fields": {"user": null, "section": 22, "doctor_name": "أ.د/محمد جمال", "doctor_description": null, "doctor_address": null, "waiting_time": null, "doctor_price": null, "from_time": "", "to_time": "", "Work_day": "الأحد", "appwrite_id": "644e4a606dbf23ee354d"}}, {"model": "main.doctor", "pk": 249, "fields": {"user": null, "section": 22, "doctor_name": "أ.د/محمد حسين", "doctor_description": null, "doctor_address": null, "waiting_time": null, "doctor_price": null, "from_time": "", "to_time": "", "Work_day": "الأحد", "appwrite_id": "644e4a9fb222496f7ddd"}}, {"model": "main.doctor", "pk": 250, "fields": {"user": null, "section": 22, "doctor_name": "أ.د/رامي خورشيد", "doctor_description": null, "doctor_address": null, "waiting_time": null, "doctor_price": null, "from_time": "", "to_time": "", "Work_day": "الأحد", "appwrite_id": "644e4acdbff75d10363f"}}, {"model": "main.doctor", "pk": 251, "fields": {"user": null, "section": 22, "doctor_name": "أ.د/إيهاب عبدالرازق", "doctor_description": null, "doctor_address": null, "waiting_time": null, "doctor_price": null, "from_time": "", "to_time": "", "Work_day": "الأثنين", "appwrite_id": "644e4b02a55dceddffca"}}, {"model": "main.doctor", "pk": 252, "fields": {"user": null, "section": 22, "doctor_name": "أ.د/وليد اسماعيل", "doctor_description": null, "doctor_address": null, "waiting_time": null, "doctor_price": null, "from_time": "", "to_time": "", "Work_day": "الثلاثاء", "appwrite_id": "644e4b24bfeb392f80f5"}}, {"model": "main.doctor", "pk": 253, "fields": {"user": null, "section": 22, "doctor_name": "أ.د/أحمد الكرداني", "doctor_description": null, "doctor_address": null, "waiting_time": null, "doctor_price": null, "from_time": "", "to_time": "", "Work_day": "الثلاثاء", "appwrite_id": "644e4b4c59de4fba9237"}}, {"model": "main.doctor", "pk": 254, "fields": {"user": null, "section": 22, "doctor_name": "ا.د/محمد عبدالمجيد", "doctor_description": null, "doctor_address": null, "waiting_time": null, "doctor_price": null, "from_time": "", "to_time": "", "Work_day": "الثلاثاء", "appwrite_id": "644e4b79ec126b94f260"}}, {"model": "main.doctor", "pk": 255, "fields": {"user": null, "section": 22, "doctor_name": "أ.د/أحمد عبدالعزيز", "doctor_description": "", "doctor_address": null, "waiting_time": null, "doctor_price": null, "from_time": "", "to_time": "", "Work_day": "الأربعاء", "appwrite_id": "644e4bb946aec4ce0900"}}, {"model": "main.doctor", "pk": 256, "fields": {"user": null, "section": 23, "doctor_name": "أ.د/محمد طارق", "doctor_description": null, "doctor_address": null, "waiting_time": null, "doctor_price": null, "from_time": "", "to_time": "", "Work_day": "السبت", "appwrite_id": "644e1e8cbb47100a8448"}}, {"model": "main.doctor", "pk": 257, "fields": {"user": null, "section": 23, "doctor_name": "أ.د/نادر ناصف", "doctor_description": null, "doctor_address": null, "waiting_time": null, "doctor_price": null, "from_time": "", "to_time": "", "Work_day": "الاثنين", "appwrite_id": "644e495e28e36d029758"}}, {"model": "main.doctor", "pk": 258, "fields": {"user": null, "section": 23, "doctor_name": "أ.د/محمد برسي", "doctor_description": null, "doctor_address": null, "waiting_time": null, "doctor_price": null, "from_time": "", "to_time": "", "Work_day": "الأحد", "appwrite_id": "644e495e28a7fb702bc6"}}, {"model": "main.doctor", "pk": 259, "fields": {"user": null, "section": 23, "doctor_name": "أ.د/محمد  طارق", "doctor_description": null, "doctor_address": null, "waiting_time": null, "doctor_price": null, "from_time": "", "to_time": "", "Work_day": "الثلاثاء", "appwrite_id": "644e495e36203a356e33"}}, {"model": "main.doctor", "pk": 260, "fields": {"user": null, "section": 23, "doctor_name": "أ.د/حازم سمير", "doctor_description": null, "doctor_address": null, "waiting_time": null, "doctor_price": null, "from_time": "", "to_time": "", "Work_day": "الأربعاء", "appwrite_id": "644e49f3eb245e40b098"}}, {"model": "main.doctor", "pk": 261, "fields": {"user": null, "section": 24, "doctor_name": "أ.د/عثمان زيكو ", "doctor_description": null, "doctor_address": null, "waiting_time": null, "doctor_price": null, "from_time": "", "to_time": "", "Work_day": "السبت", "appwrite_id": "64587565bf062492b69a"}}, {"model": "main.doctor", "pk": 262, "fields": {"user": null, "section": 24, "doctor_name": "أ.د/خالد حمدي", "doctor_description": null, "doctor_address": null, "waiting_time": null, "doctor_price": null, "from_time": "", "to_time": "", "Work_day": "السبت", "appwrite_id": "64587586124e2d7c97a8"}}, {"model": "main.doctor", "pk": 263, "fields": {"user": null, "section": 24, "doctor_name": "أ.د/ظافر فهيم ", "doctor_description": null, "doctor_address": null, "waiting_time": null, "doctor_price": null, "from_time": "", "to_time": "", "Work_day": "السبت", "appwrite_id": "645875c495c55be63b02"}}, {"model": "main.doctor", "pk": 264, "fields": {"user": null, "section": 24, "doctor_name": "أ.د/ماجدة سامي", "doctor_description": null, "doctor_address": null, "waiting_time": null, "doctor_price": null, "from_time": "", "to_time": "", "Work_day": "الأحد ", "appwrite_id": "645875ede83a7b4ac5c5"}}, {"model": "main.doctor", "pk": 265, "fields": {"user": null, "section": 24, "doctor_name": "أ.د/حازم رشاد", "doctor_description": null, "doctor_address": null, "waiting_time": null, "doctor_price": null, "from_time": "", "to_time": "", "Work_day": "الأحد ", "appwrite_id": "64587621383f89f12ab7"}}, {"model": "main.doctor", "pk": 266, "fields": {"user": null, "section": 24, "doctor_name": "أ.د/ محمد جميل", "doctor_description": null, "doctor_address": null, "waiting_time": null, "doctor_price": null, "from_time": "", "to_time": "", "Work_day": "الإثنين ", "appwrite_id": "6458765bb8a61566486d"}}, {"model": "main.doctor", "pk": 267, "fields": {"user": null, "section": 25, "doctor_name": "أ.د/جلزمين الهواري", "doctor_description": "تخصصية حول", "doctor_address": null, "waiting_time": null, "doctor_price": null, "from_time": "", "to_time": "", "Work_day": "السبت", "appwrite_id": "645877fcc046f98622fa"}}, {"model": "main.doctor", "pk": 268, "fields": {"user": null, "section": 25, "doctor_name": "أ.د/فاطمة الحناوي ", "doctor_description": "قرنية ", "doctor_address": null, "waiting_time": null, "doctor_price": null, "from_time": "", "to_time": "", "Work_day": "السبت", "appwrite_id": "64587839712ea8269f5d"}}, {"model": "main.doctor", "pk": 269, "fields": {"user": null, "section": 25, "doctor_name": "أ.د/شاكر خضر", "doctor_description": "أمراض شبكية", "doctor_address": null, "waiting_time": null, "doctor_price": null, "from_time": "", "to_time": "", "Work_day": "الأحد ", "appwrite_id": "645878708250ebf82689"}}, {"model": "main.doctor", "pk": 270, "fields": {"user": null, "section": 25, "doctor_name": "أ.د/ عادل عبدالشفيق", "doctor_description": "جلوكوما", "doctor_address": null, "waiting_time": null, "doctor_price": null, "from_time": "", "to_time": "", "Work_day": "الثلاثاء", "appwrite_id": "645878cc4fc81c7b5ff6"}}, {"model": "main.doctor", "pk": 271, "fields": {"user": null, "section": 26, "doctor_name": "أ.د/طلعت السمني", "doctor_description": null, "doctor_address": null, "waiting_time": null, "doctor_price": null, "from_time": "", "to_time": "", "Work_day": "السبت", "appwrite_id": "645879a27102fbe6e97a"}}, {"model": "main.doctor", "pk": 272, "fields": {"user": null, "section": 26, "doctor_name": "أ.د/ طارق مجدي", "doctor_description": null, "doctor_address": null, "waiting_time": null, "doctor_price": null, "from_time": "", "to_time": "", "Work_day": "الأحد ", "appwrite_id": "645879c736253763b1d0"}}, {"model": "main.doctor", "pk": 273, "fields": {"user": null, "section": 26, "doctor_name": "أ.د/وليد فرح", "doctor_description": null, "doctor_address": null, "waiting_time": null, "doctor_price": null, "from_time": "", "to_time": "", "Work_day": "الإثنين ", "appwrite_id": "645879ee418b4745fc13"}}, {"model": "main.doctor", "pk": 274, "fields": {"user": 5, "section": 26, "doctor_name": "أ.د/ياسر البلتاجي", "doctor_description": null, "doctor_address": null, "waiting_time": null, "doctor_price": null, "from_time": "7 am", "to_time": "9 pm", "Work_day": "الثلاثاء", "appwrite_id": "64587a1710f81899934a"}}, {"model": "main.doctor", "pk": 275, "fields": {"user": null, "section": 29, "doctor_name": "د محمد جبريل ، د جمال الخلال", "doctor_description": null, "doctor_address": null, "waiting_time": null, "doctor_price": 150.0, "from_time": "٩ص", "to_time": "٢ م", "Work_day": null, "appwrite_id": null}}, {"model": "main.doctor", "pk": 276, "fields": {"user": null, "section": 28, "doctor_name": "د / إيمان أبو خشبة. ، د/أسماء بدر الدين", "doctor_description": null, "doctor_address": null, "waiting_time": null, "doctor_price": null, "from_time": "٩ص", "to_time": "٢م", "Work_day": null, "appwrite_id": null}}, {"model": "main.doctor", "pk": 277, "fields": {"user": null, "section": 27, "doctor_name": "د/زينب الششتاوي ، د/عاطف نبيل ، د/مي بسيوني", "doctor_description": null, "doctor_address": null, "waiting_time": null, "doctor_price": 150.0, "from_time": "٩ ص", "to_time": "٢ م", "Work_day": null, "appwrite_id": null}}, {"model": "main.patient", "pk": 2, "fields": {"phone": "1234", "gender": "male"}}, {"model": "main.patient", "pk": 3, "fields": {"phone": "01029941259", "gender": "male"}}, {"model": "main.patient", "pk": 4, "fields": {"phone": "01029941259", "gender": "male"}}, {"model": "main.patient", "pk": 6, "fields": {"phone": "01029941287", "gender": "male"}}, {"model": "main.patient", "pk": 7, "fields": {"phone": "01029941287", "gender": "male"}}, {"model": "main.patient", "pk": 8, "fields": {"phone": "01029963259", "gender": "ذكر"}}, {"model": "main.patient", "pk": 9, "fields": {"phone": "01100470652", "gender": "ذكر"}}, {"model": "main.patient", "pk": 10, "fields": {"phone": "01090910542", "gender": "ذكر"}}, {"model": "main.patient", "pk": 11, "fields": {"phone": "01098637446", "gender": "أنثى"}}, {"model": "main.reservation", "pk": 1, "fields": {"patient": 3, "doctor": 1, "date": "2022-12-12", "created_at": "2023-05-23T00:26:08.044Z"}}, {"model": "main.reservation", "pk": 2, "fields": {"patient": 10, "doctor": 3, "date": "2023-05-23", "created_at": "2023-05-23T03:59:54.367Z"}}, {"model": "main.reservation", "pk": 3, "fields": {"patient": 10, "doctor": 26, "date": "2023-05-23", "created_at": "2023-05-23T05:53:54.280Z"}}, {"model": "main.reservation", "pk": 4, "fields": {"patient": 10, "doctor": 26, "date": "2023-05-23", "created_at": "2023-05-23T05:55:39.647Z"}}, {"model": "main.reservation", "pk": 5, "fields": {"patient": 10, "doctor": 26, "date": "2023-05-23", "created_at": "2023-05-23T05:55:44.136Z"}}, {"model": "main.reservation", "pk": 6, "fields": {"patient": 10, "doctor": 19, "date": "2023-05-23", "created_at": "2023-05-23T05:56:16.739Z"}}, {"model": "main.reservation", "pk": 7, "fields": {"patient": 10, "doctor": 19, "date": "2023-05-23", "created_at": "2023-05-23T05:56:46.007Z"}}, {"model": "main.consultation", "pk": 1, "fields": {"patient": 2, "section": 24, "type": "test", "age": 2, "weight": 33.0, "has_any_disease": false, "description": "test", "image": "", "created_at": "2023-05-18T02:49:08.528Z", "reply": "", "doctor_replied": null}}, {"model": "main.consultation", "pk": 2, "fields": {"patient": 2, "section": 1, "type": "neccessary", "age": 18, "weight": 10.0, "has_any_disease": false, "description": "pain", "image": "", "created_at": "2023-05-22T23:52:40.033Z", "reply": null, "doctor_replied": null}}, {"model": "main.consultation", "pk": 3, "fields": {"patient": 2, "section": 1, "type": "neccessary", "age": 18, "weight": 10.0, "has_any_disease": false, "description": "pain", "image": "", "created_at": "2023-05-22T23:54:36.818Z", "reply": null, "doctor_replied": null}}, {"model": "main.consultation", "pk": 4, "fields": {"patient": 10, "section": 26, "type": "nessecary", "age": 21, "weight": 60.0, "has_any_disease": false, "description": "i have painful", "image": "", "created_at": "2023-05-23T07:19:58.640Z", "reply": null, "doctor_replied": null}}, {"model": "main.consultation", "pk": 5, "fields": {"patient": 10, "section": 25, "type": "nessecary", "age": 21, "weight": 60.0, "has_any_disease": false, "description": "i have painful", "image": "", "created_at": "2023-05-23T07:20:51.720Z", "reply": "الف سلامة يا فندم", "doctor_replied": null}}]